--
-- PostgreSQL database dump
--

-- Dumped from database version 15.10 (Debian 15.10-1.pgdg120+1)
-- Dumped by pg_dump version 15.10 (Debian 15.10-1.pgdg120+1)

SET statement_timeout = 0;
SET lock_timeout = 0;
SET idle_in_transaction_session_timeout = 0;
SET client_encoding = 'UTF8';
SET standard_conforming_strings = on;
SELECT pg_catalog.set_config('search_path', '', false);
SET check_function_bodies = false;
SET xmloption = content;
SET client_min_messages = warning;
SET row_security = off;

SET default_tablespace = '';

SET default_table_access_method = heap;

--
-- Name: auth_group; Type: TABLE; Schema: public; Owner: erp_admin
--

CREATE TABLE public.auth_group (
    id integer NOT NULL,
    name character varying(150) NOT NULL
);


ALTER TABLE public.auth_group OWNER TO erp_admin;

--
-- Name: auth_group_id_seq; Type: SEQUENCE; Schema: public; Owner: erp_admin
--

ALTER TABLE public.auth_group ALTER COLUMN id ADD GENERATED BY DEFAULT AS IDENTITY (
    SEQUENCE NAME public.auth_group_id_seq
    START WITH 1
    INCREMENT BY 1
    NO MINVALUE
    NO MAXVALUE
    CACHE 1
);


--
-- Name: auth_group_permissions; Type: TABLE; Schema: public; Owner: erp_admin
--

CREATE TABLE public.auth_group_permissions (
    id bigint NOT NULL,
    group_id integer NOT NULL,
    permission_id integer NOT NULL
);


ALTER TABLE public.auth_group_permissions OWNER TO erp_admin;

--
-- Name: auth_group_permissions_id_seq; Type: SEQUENCE; Schema: public; Owner: erp_admin
--

ALTER TABLE public.auth_group_permissions ALTER COLUMN id ADD GENERATED BY DEFAULT AS IDENTITY (
    SEQUENCE NAME public.auth_group_permissions_id_seq
    START WITH 1
    INCREMENT BY 1
    NO MINVALUE
    NO MAXVALUE
    CACHE 1
);


--
-- Name: auth_permission; Type: TABLE; Schema: public; Owner: erp_admin
--

CREATE TABLE public.auth_permission (
    id integer NOT NULL,
    name character varying(255) NOT NULL,
    content_type_id integer NOT NULL,
    codename character varying(100) NOT NULL
);


ALTER TABLE public.auth_permission OWNER TO erp_admin;

--
-- Name: auth_permission_id_seq; Type: SEQUENCE; Schema: public; Owner: erp_admin
--

ALTER TABLE public.auth_permission ALTER COLUMN id ADD GENERATED BY DEFAULT AS IDENTITY (
    SEQUENCE NAME public.auth_permission_id_seq
    START WITH 1
    INCREMENT BY 1
    NO MINVALUE
    NO MAXVALUE
    CACHE 1
);


--
-- Name: axes_accessattempt; Type: TABLE; Schema: public; Owner: erp_admin
--

CREATE TABLE public.axes_accessattempt (
    id integer NOT NULL,
    user_agent character varying(255) NOT NULL,
    ip_address inet,
    username character varying(255),
    http_accept character varying(1025) NOT NULL,
    path_info character varying(255) NOT NULL,
    attempt_time timestamp with time zone NOT NULL,
    get_data text NOT NULL,
    post_data text NOT NULL,
    failures_since_start integer NOT NULL,
    CONSTRAINT axes_accessattempt_failures_since_start_check CHECK ((failures_since_start >= 0))
);


ALTER TABLE public.axes_accessattempt OWNER TO erp_admin;

--
-- Name: axes_accessattempt_id_seq; Type: SEQUENCE; Schema: public; Owner: erp_admin
--

ALTER TABLE public.axes_accessattempt ALTER COLUMN id ADD GENERATED BY DEFAULT AS IDENTITY (
    SEQUENCE NAME public.axes_accessattempt_id_seq
    START WITH 1
    INCREMENT BY 1
    NO MINVALUE
    NO MAXVALUE
    CACHE 1
);


--
-- Name: axes_accessfailurelog; Type: TABLE; Schema: public; Owner: erp_admin
--

CREATE TABLE public.axes_accessfailurelog (
    id integer NOT NULL,
    user_agent character varying(255) NOT NULL,
    ip_address inet,
    username character varying(255),
    http_accept character varying(1025) NOT NULL,
    path_info character varying(255) NOT NULL,
    attempt_time timestamp with time zone NOT NULL,
    locked_out boolean NOT NULL
);


ALTER TABLE public.axes_accessfailurelog OWNER TO erp_admin;

--
-- Name: axes_accessfailurelog_id_seq; Type: SEQUENCE; Schema: public; Owner: erp_admin
--

ALTER TABLE public.axes_accessfailurelog ALTER COLUMN id ADD GENERATED BY DEFAULT AS IDENTITY (
    SEQUENCE NAME public.axes_accessfailurelog_id_seq
    START WITH 1
    INCREMENT BY 1
    NO MINVALUE
    NO MAXVALUE
    CACHE 1
);


--
-- Name: axes_accesslog; Type: TABLE; Schema: public; Owner: erp_admin
--

CREATE TABLE public.axes_accesslog (
    id integer NOT NULL,
    user_agent character varying(255) NOT NULL,
    ip_address inet,
    username character varying(255),
    http_accept character varying(1025) NOT NULL,
    path_info character varying(255) NOT NULL,
    attempt_time timestamp with time zone NOT NULL,
    logout_time timestamp with time zone
);


ALTER TABLE public.axes_accesslog OWNER TO erp_admin;

--
-- Name: axes_accesslog_id_seq; Type: SEQUENCE; Schema: public; Owner: erp_admin
--

ALTER TABLE public.axes_accesslog ALTER COLUMN id ADD GENERATED BY DEFAULT AS IDENTITY (
    SEQUENCE NAME public.axes_accesslog_id_seq
    START WITH 1
    INCREMENT BY 1
    NO MINVALUE
    NO MAXVALUE
    CACHE 1
);


--
-- Name: defender_accessattempt; Type: TABLE; Schema: public; Owner: erp_admin
--

CREATE TABLE public.defender_accessattempt (
    id integer NOT NULL,
    user_agent character varying(255) NOT NULL,
    ip_address inet,
    username character varying(255),
    http_accept character varying(1025) NOT NULL,
    path_info character varying(255) NOT NULL,
    attempt_time timestamp with time zone NOT NULL,
    login_valid boolean NOT NULL
);


ALTER TABLE public.defender_accessattempt OWNER TO erp_admin;

--
-- Name: defender_accessattempt_id_seq; Type: SEQUENCE; Schema: public; Owner: erp_admin
--

ALTER TABLE public.defender_accessattempt ALTER COLUMN id ADD GENERATED BY DEFAULT AS IDENTITY (
    SEQUENCE NAME public.defender_accessattempt_id_seq
    START WITH 1
    INCREMENT BY 1
    NO MINVALUE
    NO MAXVALUE
    CACHE 1
);


--
-- Name: django_admin_log; Type: TABLE; Schema: public; Owner: erp_admin
--

CREATE TABLE public.django_admin_log (
    id integer NOT NULL,
    action_time timestamp with time zone NOT NULL,
    object_id text,
    object_repr character varying(200) NOT NULL,
    action_flag smallint NOT NULL,
    change_message text NOT NULL,
    content_type_id integer,
    user_id bigint NOT NULL,
    CONSTRAINT django_admin_log_action_flag_check CHECK ((action_flag >= 0))
);


ALTER TABLE public.django_admin_log OWNER TO erp_admin;

--
-- Name: django_admin_log_id_seq; Type: SEQUENCE; Schema: public; Owner: erp_admin
--

ALTER TABLE public.django_admin_log ALTER COLUMN id ADD GENERATED BY DEFAULT AS IDENTITY (
    SEQUENCE NAME public.django_admin_log_id_seq
    START WITH 1
    INCREMENT BY 1
    NO MINVALUE
    NO MAXVALUE
    CACHE 1
);


--
-- Name: django_content_type; Type: TABLE; Schema: public; Owner: erp_admin
--

CREATE TABLE public.django_content_type (
    id integer NOT NULL,
    app_label character varying(100) NOT NULL,
    model character varying(100) NOT NULL
);


ALTER TABLE public.django_content_type OWNER TO erp_admin;

--
-- Name: django_content_type_id_seq; Type: SEQUENCE; Schema: public; Owner: erp_admin
--

ALTER TABLE public.django_content_type ALTER COLUMN id ADD GENERATED BY DEFAULT AS IDENTITY (
    SEQUENCE NAME public.django_content_type_id_seq
    START WITH 1
    INCREMENT BY 1
    NO MINVALUE
    NO MAXVALUE
    CACHE 1
);


--
-- Name: django_migrations; Type: TABLE; Schema: public; Owner: erp_admin
--

CREATE TABLE public.django_migrations (
    id bigint NOT NULL,
    app character varying(255) NOT NULL,
    name character varying(255) NOT NULL,
    applied timestamp with time zone NOT NULL
);


ALTER TABLE public.django_migrations OWNER TO erp_admin;

--
-- Name: django_migrations_id_seq; Type: SEQUENCE; Schema: public; Owner: erp_admin
--

ALTER TABLE public.django_migrations ALTER COLUMN id ADD GENERATED BY DEFAULT AS IDENTITY (
    SEQUENCE NAME public.django_migrations_id_seq
    START WITH 1
    INCREMENT BY 1
    NO MINVALUE
    NO MAXVALUE
    CACHE 1
);


--
-- Name: django_session; Type: TABLE; Schema: public; Owner: erp_admin
--

CREATE TABLE public.django_session (
    session_key character varying(40) NOT NULL,
    session_data text NOT NULL,
    expire_date timestamp with time zone NOT NULL
);


ALTER TABLE public.django_session OWNER TO erp_admin;

--
-- Name: erp_core_customer; Type: TABLE; Schema: public; Owner: erp_admin
--

CREATE TABLE public.erp_core_customer (
    id bigint NOT NULL,
    code character varying(20) NOT NULL,
    name character varying(100) NOT NULL,
    created_at timestamp with time zone NOT NULL,
    created_by_id bigint,
    modified_at timestamp with time zone NOT NULL,
    modified_by_id bigint
);


ALTER TABLE public.erp_core_customer OWNER TO erp_admin;

--
-- Name: erp_core_customer_id_seq; Type: SEQUENCE; Schema: public; Owner: erp_admin
--

ALTER TABLE public.erp_core_customer ALTER COLUMN id ADD GENERATED BY DEFAULT AS IDENTITY (
    SEQUENCE NAME public.erp_core_customer_id_seq
    START WITH 1
    INCREMENT BY 1
    NO MINVALUE
    NO MAXVALUE
    CACHE 1
);


--
-- Name: erp_core_department; Type: TABLE; Schema: public; Owner: erp_admin
--

CREATE TABLE public.erp_core_department (
    id bigint NOT NULL,
    name character varying(100) NOT NULL,
    description text NOT NULL,
    created_at timestamp with time zone NOT NULL
);


ALTER TABLE public.erp_core_department OWNER TO erp_admin;

--
-- Name: erp_core_department_id_seq; Type: SEQUENCE; Schema: public; Owner: erp_admin
--

ALTER TABLE public.erp_core_department ALTER COLUMN id ADD GENERATED BY DEFAULT AS IDENTITY (
    SEQUENCE NAME public.erp_core_department_id_seq
    START WITH 1
    INCREMENT BY 1
    NO MINVALUE
    NO MAXVALUE
    CACHE 1
);


--
-- Name: erp_core_rolepermission; Type: TABLE; Schema: public; Owner: erp_admin
--

CREATE TABLE public.erp_core_rolepermission (
    id bigint NOT NULL,
    role character varying(20) NOT NULL,
    permission_id integer NOT NULL
);


ALTER TABLE public.erp_core_rolepermission OWNER TO erp_admin;

--
-- Name: erp_core_rolepermission_id_seq; Type: SEQUENCE; Schema: public; Owner: erp_admin
--

ALTER TABLE public.erp_core_rolepermission ALTER COLUMN id ADD GENERATED BY DEFAULT AS IDENTITY (
    SEQUENCE NAME public.erp_core_rolepermission_id_seq
    START WITH 1
    INCREMENT BY 1
    NO MINVALUE
    NO MAXVALUE
    CACHE 1
);


--
-- Name: erp_core_user; Type: TABLE; Schema: public; Owner: erp_admin
--

CREATE TABLE public.erp_core_user (
    id bigint NOT NULL,
    password character varying(128) NOT NULL,
    is_superuser boolean NOT NULL,
    username character varying(150) NOT NULL,
    first_name character varying(150) NOT NULL,
    last_name character varying(150) NOT NULL,
    is_staff boolean NOT NULL,
    date_joined timestamp with time zone NOT NULL,
    email character varying(254) NOT NULL,
    role character varying(20) NOT NULL,
    last_login timestamp with time zone,
    is_active boolean NOT NULL,
    created_at timestamp with time zone NOT NULL
);


ALTER TABLE public.erp_core_user OWNER TO erp_admin;

--
-- Name: erp_core_user_departments; Type: TABLE; Schema: public; Owner: erp_admin
--

CREATE TABLE public.erp_core_user_departments (
    id bigint NOT NULL,
    user_id bigint NOT NULL,
    department_id bigint NOT NULL
);


ALTER TABLE public.erp_core_user_departments OWNER TO erp_admin;

--
-- Name: erp_core_user_departments_id_seq; Type: SEQUENCE; Schema: public; Owner: erp_admin
--

ALTER TABLE public.erp_core_user_departments ALTER COLUMN id ADD GENERATED BY DEFAULT AS IDENTITY (
    SEQUENCE NAME public.erp_core_user_departments_id_seq
    START WITH 1
    INCREMENT BY 1
    NO MINVALUE
    NO MAXVALUE
    CACHE 1
);


--
-- Name: erp_core_user_groups; Type: TABLE; Schema: public; Owner: erp_admin
--

CREATE TABLE public.erp_core_user_groups (
    id bigint NOT NULL,
    user_id bigint NOT NULL,
    group_id integer NOT NULL
);


ALTER TABLE public.erp_core_user_groups OWNER TO erp_admin;

--
-- Name: erp_core_user_groups_id_seq; Type: SEQUENCE; Schema: public; Owner: erp_admin
--

ALTER TABLE public.erp_core_user_groups ALTER COLUMN id ADD GENERATED BY DEFAULT AS IDENTITY (
    SEQUENCE NAME public.erp_core_user_groups_id_seq
    START WITH 1
    INCREMENT BY 1
    NO MINVALUE
    NO MAXVALUE
    CACHE 1
);


--
-- Name: erp_core_user_id_seq; Type: SEQUENCE; Schema: public; Owner: erp_admin
--

ALTER TABLE public.erp_core_user ALTER COLUMN id ADD GENERATED BY DEFAULT AS IDENTITY (
    SEQUENCE NAME public.erp_core_user_id_seq
    START WITH 1
    INCREMENT BY 1
    NO MINVALUE
    NO MAXVALUE
    CACHE 1
);


--
-- Name: erp_core_user_user_permissions; Type: TABLE; Schema: public; Owner: erp_admin
--

CREATE TABLE public.erp_core_user_user_permissions (
    id bigint NOT NULL,
    user_id bigint NOT NULL,
    permission_id integer NOT NULL
);


ALTER TABLE public.erp_core_user_user_permissions OWNER TO erp_admin;

--
-- Name: erp_core_user_user_permissions_id_seq; Type: SEQUENCE; Schema: public; Owner: erp_admin
--

ALTER TABLE public.erp_core_user_user_permissions ALTER COLUMN id ADD GENERATED BY DEFAULT AS IDENTITY (
    SEQUENCE NAME public.erp_core_user_user_permissions_id_seq
    START WITH 1
    INCREMENT BY 1
    NO MINVALUE
    NO MAXVALUE
    CACHE 1
);


--
-- Name: erp_core_userprofile; Type: TABLE; Schema: public; Owner: erp_admin
--

CREATE TABLE public.erp_core_userprofile (
    id bigint NOT NULL,
    phone_number character varying(20) NOT NULL,
    employee_id character varying(50) NOT NULL,
    is_department_head boolean NOT NULL,
    department_id bigint,
    user_id bigint NOT NULL
);


ALTER TABLE public.erp_core_userprofile OWNER TO erp_admin;

--
-- Name: erp_core_userprofile_id_seq; Type: SEQUENCE; Schema: public; Owner: erp_admin
--

ALTER TABLE public.erp_core_userprofile ALTER COLUMN id ADD GENERATED BY DEFAULT AS IDENTITY (
    SEQUENCE NAME public.erp_core_userprofile_id_seq
    START WITH 1
    INCREMENT BY 1
    NO MINVALUE
    NO MAXVALUE
    CACHE 1
);


--
-- Name: guardian_groupobjectpermission; Type: TABLE; Schema: public; Owner: erp_admin
--

CREATE TABLE public.guardian_groupobjectpermission (
    id integer NOT NULL,
    object_pk character varying(255) NOT NULL,
    content_type_id integer NOT NULL,
    group_id integer NOT NULL,
    permission_id integer NOT NULL
);


ALTER TABLE public.guardian_groupobjectpermission OWNER TO erp_admin;

--
-- Name: guardian_groupobjectpermission_id_seq; Type: SEQUENCE; Schema: public; Owner: erp_admin
--

ALTER TABLE public.guardian_groupobjectpermission ALTER COLUMN id ADD GENERATED BY DEFAULT AS IDENTITY (
    SEQUENCE NAME public.guardian_groupobjectpermission_id_seq
    START WITH 1
    INCREMENT BY 1
    NO MINVALUE
    NO MAXVALUE
    CACHE 1
);


--
-- Name: guardian_userobjectpermission; Type: TABLE; Schema: public; Owner: erp_admin
--

CREATE TABLE public.guardian_userobjectpermission (
    id integer NOT NULL,
    object_pk character varying(255) NOT NULL,
    content_type_id integer NOT NULL,
    permission_id integer NOT NULL,
    user_id bigint NOT NULL
);


ALTER TABLE public.guardian_userobjectpermission OWNER TO erp_admin;

--
-- Name: guardian_userobjectpermission_id_seq; Type: SEQUENCE; Schema: public; Owner: erp_admin
--

ALTER TABLE public.guardian_userobjectpermission ALTER COLUMN id ADD GENERATED BY DEFAULT AS IDENTITY (
    SEQUENCE NAME public.guardian_userobjectpermission_id_seq
    START WITH 1
    INCREMENT BY 1
    NO MINVALUE
    NO MAXVALUE
    CACHE 1
);


--
-- Name: inventory_inventorycategory; Type: TABLE; Schema: public; Owner: erp_admin
--

CREATE TABLE public.inventory_inventorycategory (
    id bigint NOT NULL,
    name character varying(20) NOT NULL,
    description text
);


ALTER TABLE public.inventory_inventorycategory OWNER TO erp_admin;

--
-- Name: inventory_inventorycategory_id_seq; Type: SEQUENCE; Schema: public; Owner: erp_admin
--

ALTER TABLE public.inventory_inventorycategory ALTER COLUMN id ADD GENERATED BY DEFAULT AS IDENTITY (
    SEQUENCE NAME public.inventory_inventorycategory_id_seq
    START WITH 1
    INCREMENT BY 1
    NO MINVALUE
    NO MAXVALUE
    CACHE 1
);


--
-- Name: inventory_inventorytransaction; Type: TABLE; Schema: public; Owner: erp_admin
--

CREATE TABLE public.inventory_inventorytransaction (
    id bigint NOT NULL,
    quantity_change numeric(10,2) NOT NULL,
    transaction_type character varying(20) NOT NULL,
    transaction_date timestamp with time zone NOT NULL,
    notes text,
    performed_by_id bigint NOT NULL,
    verified_by_id bigint,
    product_id bigint,
    material_id bigint,
    from_category_id bigint,
    to_category_id bigint,
    created_at timestamp with time zone NOT NULL,
    created_by_id bigint,
    modified_at timestamp with time zone NOT NULL,
    modified_by_id bigint,
    reference_id character varying(50)
);


ALTER TABLE public.inventory_inventorytransaction OWNER TO erp_admin;

--
-- Name: inventory_inventorytransaction_id_seq; Type: SEQUENCE; Schema: public; Owner: erp_admin
--

ALTER TABLE public.inventory_inventorytransaction ALTER COLUMN id ADD GENERATED BY DEFAULT AS IDENTITY (
    SEQUENCE NAME public.inventory_inventorytransaction_id_seq
    START WITH 1
    INCREMENT BY 1
    NO MINVALUE
    NO MAXVALUE
    CACHE 1
);


--
-- Name: inventory_product; Type: TABLE; Schema: public; Owner: erp_admin
--

CREATE TABLE public.inventory_product (
    id bigint NOT NULL,
    created_at timestamp with time zone NOT NULL,
    modified_at timestamp with time zone NOT NULL,
    product_code character varying(50) NOT NULL,
    product_name character varying(100) NOT NULL,
    product_type character varying(20) NOT NULL,
    description text,
    current_stock integer NOT NULL,
    created_by_id bigint,
    customer_id bigint,
    modified_by_id bigint,
    inventory_category_id bigint
);


ALTER TABLE public.inventory_product OWNER TO erp_admin;

--
-- Name: inventory_product_id_seq; Type: SEQUENCE; Schema: public; Owner: erp_admin
--

ALTER TABLE public.inventory_product ALTER COLUMN id ADD GENERATED BY DEFAULT AS IDENTITY (
    SEQUENCE NAME public.inventory_product_id_seq
    START WITH 1
    INCREMENT BY 1
    NO MINVALUE
    NO MAXVALUE
    CACHE 1
);


--
-- Name: inventory_rawmaterial; Type: TABLE; Schema: public; Owner: erp_admin
--

CREATE TABLE public.inventory_rawmaterial (
    id bigint NOT NULL,
    created_at timestamp with time zone NOT NULL,
    modified_at timestamp with time zone NOT NULL,
    material_code character varying(50) NOT NULL,
    material_name character varying(100) NOT NULL,
    current_stock numeric(10,2) NOT NULL,
    created_by_id bigint,
    modified_by_id bigint,
    unit_id bigint NOT NULL,
    inventory_category_id bigint,
    diameter_mm double precision,
    height double precision,
    material_type character varying(10) NOT NULL,
    thickness double precision,
    width double precision
);


ALTER TABLE public.inventory_rawmaterial OWNER TO erp_admin;

--
-- Name: inventory_rawmaterial_id_seq; Type: SEQUENCE; Schema: public; Owner: erp_admin
--

ALTER TABLE public.inventory_rawmaterial ALTER COLUMN id ADD GENERATED BY DEFAULT AS IDENTITY (
    SEQUENCE NAME public.inventory_rawmaterial_id_seq
    START WITH 1
    INCREMENT BY 1
    NO MINVALUE
    NO MAXVALUE
    CACHE 1
);


--
-- Name: inventory_technicaldrawing; Type: TABLE; Schema: public; Owner: erp_admin
--

CREATE TABLE public.inventory_technicaldrawing (
    id bigint NOT NULL,
    created_at timestamp with time zone NOT NULL,
    modified_at timestamp with time zone NOT NULL,
    version character varying(20) NOT NULL,
    drawing_code character varying(50) NOT NULL,
    effective_date date NOT NULL,
    is_current boolean NOT NULL,
    revision_notes character varying(500),
    approved_by_id bigint,
    created_by_id bigint,
    modified_by_id bigint,
    product_id bigint NOT NULL,
    drawing_file character varying(500)
);


ALTER TABLE public.inventory_technicaldrawing OWNER TO erp_admin;

--
-- Name: inventory_technicaldrawing_id_seq; Type: SEQUENCE; Schema: public; Owner: erp_admin
--

ALTER TABLE public.inventory_technicaldrawing ALTER COLUMN id ADD GENERATED BY DEFAULT AS IDENTITY (
    SEQUENCE NAME public.inventory_technicaldrawing_id_seq
    START WITH 1
    INCREMENT BY 1
    NO MINVALUE
    NO MAXVALUE
    CACHE 1
);


--
-- Name: inventory_unitofmeasure; Type: TABLE; Schema: public; Owner: erp_admin
--

CREATE TABLE public.inventory_unitofmeasure (
    id bigint NOT NULL,
    unit_code character varying(10) NOT NULL,
    unit_name character varying(50) NOT NULL
);


ALTER TABLE public.inventory_unitofmeasure OWNER TO erp_admin;

--
-- Name: inventory_unitofmeasure_id_seq; Type: SEQUENCE; Schema: public; Owner: erp_admin
--

ALTER TABLE public.inventory_unitofmeasure ALTER COLUMN id ADD GENERATED BY DEFAULT AS IDENTITY (
    SEQUENCE NAME public.inventory_unitofmeasure_id_seq
    START WITH 1
    INCREMENT BY 1
    NO MINVALUE
    NO MAXVALUE
    CACHE 1
);


--
-- Name: maintenance_faultreport; Type: TABLE; Schema: public; Owner: erp_admin
--

CREATE TABLE public.maintenance_faultreport (
    id bigint NOT NULL,
    created_at timestamp with time zone NOT NULL,
    modified_at timestamp with time zone NOT NULL,
    fault_description text NOT NULL,
    severity character varying(20) NOT NULL,
    status character varying(20) NOT NULL,
    resolution_notes text,
    resolved_at timestamp with time zone,
    created_by_id bigint,
    machine_id bigint NOT NULL,
    modified_by_id bigint,
    reported_by_id bigint NOT NULL,
    resolved_by_id bigint
);


ALTER TABLE public.maintenance_faultreport OWNER TO erp_admin;

--
-- Name: maintenance_faultreport_id_seq; Type: SEQUENCE; Schema: public; Owner: erp_admin
--

ALTER TABLE public.maintenance_faultreport ALTER COLUMN id ADD GENERATED BY DEFAULT AS IDENTITY (
    SEQUENCE NAME public.maintenance_faultreport_id_seq
    START WITH 1
    INCREMENT BY 1
    NO MINVALUE
    NO MAXVALUE
    CACHE 1
);


--
-- Name: maintenance_maintenance; Type: TABLE; Schema: public; Owner: erp_admin
--

CREATE TABLE public.maintenance_maintenance (
    id bigint NOT NULL,
    created_at timestamp with time zone NOT NULL,
    modified_at timestamp with time zone NOT NULL,
    maintenance_type character varying(20) NOT NULL,
    scheduled_date date NOT NULL,
    completed_date date,
    status character varying(20) NOT NULL,
    checklist jsonb NOT NULL,
    notes text,
    assigned_to_id bigint NOT NULL,
    created_by_id bigint,
    machine_id bigint NOT NULL,
    modified_by_id bigint
);


ALTER TABLE public.maintenance_maintenance OWNER TO erp_admin;

--
-- Name: maintenance_maintenance_id_seq; Type: SEQUENCE; Schema: public; Owner: erp_admin
--

ALTER TABLE public.maintenance_maintenance ALTER COLUMN id ADD GENERATED BY DEFAULT AS IDENTITY (
    SEQUENCE NAME public.maintenance_maintenance_id_seq
    START WITH 1
    INCREMENT BY 1
    NO MINVALUE
    NO MAXVALUE
    CACHE 1
);


--
-- Name: manufacturing_bom; Type: TABLE; Schema: public; Owner: erp_admin
--

CREATE TABLE public.manufacturing_bom (
    id bigint NOT NULL,
    created_at timestamp with time zone NOT NULL,
    modified_at timestamp with time zone NOT NULL,
    version character varying(20) NOT NULL,
    is_active boolean NOT NULL,
    product_id character varying(50) NOT NULL,
    created_by_id bigint,
    modified_by_id bigint
);


ALTER TABLE public.manufacturing_bom OWNER TO erp_admin;

--
-- Name: manufacturing_bomcomponent; Type: TABLE; Schema: public; Owner: erp_admin
--

CREATE TABLE public.manufacturing_bomcomponent (
    id bigint NOT NULL,
    quantity numeric(10,2) NOT NULL,
    sequence_order integer NOT NULL,
    bom_id bigint NOT NULL,
    notes text NOT NULL,
    created_at timestamp with time zone NOT NULL,
    created_by_id bigint,
    modified_at timestamp with time zone NOT NULL,
    modified_by_id bigint
);


ALTER TABLE public.manufacturing_bomcomponent OWNER TO erp_admin;

--
-- Name: manufacturing_bomcomponent_id_seq; Type: SEQUENCE; Schema: public; Owner: erp_admin
--

ALTER TABLE public.manufacturing_bomcomponent ALTER COLUMN id ADD GENERATED BY DEFAULT AS IDENTITY (
    SEQUENCE NAME public.manufacturing_bomcomponent_id_seq
    START WITH 1
    INCREMENT BY 1
    NO MINVALUE
    NO MAXVALUE
    CACHE 1
);


--
-- Name: manufacturing_bomnew_id_seq; Type: SEQUENCE; Schema: public; Owner: erp_admin
--

ALTER TABLE public.manufacturing_bom ALTER COLUMN id ADD GENERATED BY DEFAULT AS IDENTITY (
    SEQUENCE NAME public.manufacturing_bomnew_id_seq
    START WITH 1
    INCREMENT BY 1
    NO MINVALUE
    NO MAXVALUE
    CACHE 1
);


--
-- Name: manufacturing_bomprocessconfig; Type: TABLE; Schema: public; Owner: erp_admin
--

CREATE TABLE public.manufacturing_bomprocessconfig (
    id bigint NOT NULL,
    estimated_duration_minutes integer NOT NULL,
    tooling_requirements jsonb,
    quality_checks jsonb,
    process_id bigint NOT NULL,
    axis_count character varying(20)
);


ALTER TABLE public.manufacturing_bomprocessconfig OWNER TO erp_admin;

--
-- Name: manufacturing_bomprocessconfig_id_seq; Type: SEQUENCE; Schema: public; Owner: erp_admin
--

ALTER TABLE public.manufacturing_bomprocessconfig ALTER COLUMN id ADD GENERATED BY DEFAULT AS IDENTITY (
    SEQUENCE NAME public.manufacturing_bomprocessconfig_id_seq
    START WITH 1
    INCREMENT BY 1
    NO MINVALUE
    NO MAXVALUE
    CACHE 1
);


--
-- Name: manufacturing_machine; Type: TABLE; Schema: public; Owner: erp_admin
--

CREATE TABLE public.manufacturing_machine (
    id bigint NOT NULL,
    created_at timestamp with time zone NOT NULL,
    modified_at timestamp with time zone NOT NULL,
    machine_code character varying(50) NOT NULL,
    machine_type character varying(50) NOT NULL,
    brand character varying(50),
    model character varying(50),
    axis_count character varying(20),
    motor_power_kva numeric(10,2),
    holder_type character varying(50),
    spindle_motor_power_10_percent_kw numeric(10,2),
    spindle_motor_power_30_percent_kw numeric(10,2),
    power_hp numeric(10,2),
    spindle_speed_rpm integer,
    tool_count integer,
    nc_control_unit character varying(50),
    serial_number character varying(100),
    machine_weight_kg numeric(10,2),
    max_part_size character varying(50),
    description text,
    status character varying(20) NOT NULL,
    created_by_id bigint,
    modified_by_id bigint,
    last_maintenance_date date,
    maintenance_interval integer NOT NULL,
    next_maintenance_date date,
    maintenance_notes text,
    manufacturing_year date,
    internal_cooling numeric(10,2)
);


ALTER TABLE public.manufacturing_machine OWNER TO erp_admin;

--
-- Name: manufacturing_machine_id_seq; Type: SEQUENCE; Schema: public; Owner: erp_admin
--

ALTER TABLE public.manufacturing_machine ALTER COLUMN id ADD GENERATED BY DEFAULT AS IDENTITY (
    SEQUENCE NAME public.manufacturing_machine_id_seq
    START WITH 1
    INCREMENT BY 1
    NO MINVALUE
    NO MAXVALUE
    CACHE 1
);


--
-- Name: manufacturing_manufacturingprocess; Type: TABLE; Schema: public; Owner: erp_admin
--

CREATE TABLE public.manufacturing_manufacturingprocess (
    id bigint NOT NULL,
    created_at timestamp with time zone NOT NULL,
    modified_at timestamp with time zone NOT NULL,
    process_code character varying(50) NOT NULL,
    process_name character varying(100) NOT NULL,
    standard_time_minutes integer NOT NULL,
    machine_type character varying(50) NOT NULL,
    approved_by_id bigint,
    created_by_id bigint,
    modified_by_id bigint
);


ALTER TABLE public.manufacturing_manufacturingprocess OWNER TO erp_admin;

--
-- Name: manufacturing_manufacturingprocess_id_seq; Type: SEQUENCE; Schema: public; Owner: erp_admin
--

ALTER TABLE public.manufacturing_manufacturingprocess ALTER COLUMN id ADD GENERATED BY DEFAULT AS IDENTITY (
    SEQUENCE NAME public.manufacturing_manufacturingprocess_id_seq
    START WITH 1
    INCREMENT BY 1
    NO MINVALUE
    NO MAXVALUE
    CACHE 1
);


--
-- Name: manufacturing_processcomponent; Type: TABLE; Schema: public; Owner: erp_admin
--

CREATE TABLE public.manufacturing_processcomponent (
    bomcomponent_ptr_id bigint NOT NULL,
    process_config_id bigint NOT NULL,
    raw_material_id bigint
);


ALTER TABLE public.manufacturing_processcomponent OWNER TO erp_admin;

--
-- Name: manufacturing_productcomponent; Type: TABLE; Schema: public; Owner: erp_admin
--

CREATE TABLE public.manufacturing_productcomponent (
    bomcomponent_ptr_id bigint NOT NULL,
    product_id bigint NOT NULL
);


ALTER TABLE public.manufacturing_productcomponent OWNER TO erp_admin;

--
-- Name: manufacturing_subworkorder; Type: TABLE; Schema: public; Owner: erp_admin
--

CREATE TABLE public.manufacturing_subworkorder (
    id bigint NOT NULL,
    quantity integer NOT NULL,
    planned_start date NOT NULL,
    planned_end date NOT NULL,
    actual_start date,
    actual_end date,
    status character varying(20) NOT NULL,
    bom_component_id bigint NOT NULL,
    parent_work_order_id bigint NOT NULL,
    created_at timestamp with time zone NOT NULL,
    created_by_id bigint,
    modified_at timestamp with time zone NOT NULL,
    modified_by_id bigint,
    notes text,
    output_quantity integer,
    scrap_quantity integer NOT NULL,
    target_category_id bigint
);


ALTER TABLE public.manufacturing_subworkorder OWNER TO erp_admin;

--
-- Name: manufacturing_subworkorder_id_seq; Type: SEQUENCE; Schema: public; Owner: erp_admin
--

ALTER TABLE public.manufacturing_subworkorder ALTER COLUMN id ADD GENERATED BY DEFAULT AS IDENTITY (
    SEQUENCE NAME public.manufacturing_subworkorder_id_seq
    START WITH 1
    INCREMENT BY 1
    NO MINVALUE
    NO MAXVALUE
    CACHE 1
);


--
-- Name: manufacturing_subworkorderprocess; Type: TABLE; Schema: public; Owner: erp_admin
--

CREATE TABLE public.manufacturing_subworkorderprocess (
    id bigint NOT NULL,
    sequence_order integer NOT NULL,
    planned_duration_minutes integer NOT NULL,
    actual_duration_minutes integer,
    machine_id bigint NOT NULL,
    process_id bigint NOT NULL,
    sub_work_order_id bigint NOT NULL
);


ALTER TABLE public.manufacturing_subworkorderprocess OWNER TO erp_admin;

--
-- Name: manufacturing_subworkorderprocess_id_seq; Type: SEQUENCE; Schema: public; Owner: erp_admin
--

ALTER TABLE public.manufacturing_subworkorderprocess ALTER COLUMN id ADD GENERATED BY DEFAULT AS IDENTITY (
    SEQUENCE NAME public.manufacturing_subworkorderprocess_id_seq
    START WITH 1
    INCREMENT BY 1
    NO MINVALUE
    NO MAXVALUE
    CACHE 1
);


--
-- Name: manufacturing_workorder; Type: TABLE; Schema: public; Owner: erp_admin
--

CREATE TABLE public.manufacturing_workorder (
    id bigint NOT NULL,
    created_at timestamp with time zone NOT NULL,
    modified_at timestamp with time zone NOT NULL,
    order_number character varying(50) NOT NULL,
    quantity integer NOT NULL,
    planned_start date NOT NULL,
    planned_end date NOT NULL,
    actual_start date,
    actual_end date,
    status character varying(20) NOT NULL,
    bom_id bigint NOT NULL,
    created_by_id bigint,
    modified_by_id bigint,
    sales_order_item_id bigint NOT NULL,
    notes text,
    priority integer NOT NULL
);


ALTER TABLE public.manufacturing_workorder OWNER TO erp_admin;

--
-- Name: manufacturing_workorder_id_seq; Type: SEQUENCE; Schema: public; Owner: erp_admin
--

ALTER TABLE public.manufacturing_workorder ALTER COLUMN id ADD GENERATED BY DEFAULT AS IDENTITY (
    SEQUENCE NAME public.manufacturing_workorder_id_seq
    START WITH 1
    INCREMENT BY 1
    NO MINVALUE
    NO MAXVALUE
    CACHE 1
);


--
-- Name: manufacturing_workorderoutput; Type: TABLE; Schema: public; Owner: erp_admin
--

CREATE TABLE public.manufacturing_workorderoutput (
    id bigint NOT NULL,
    created_at timestamp with time zone NOT NULL,
    modified_at timestamp with time zone NOT NULL,
    quantity integer NOT NULL,
    status character varying(20) NOT NULL,
    notes text,
    created_by_id bigint,
    modified_by_id bigint,
    sub_work_order_id bigint NOT NULL,
    target_category_id bigint NOT NULL,
    inspection_required boolean NOT NULL,
    quarantine_reason text
);


ALTER TABLE public.manufacturing_workorderoutput OWNER TO erp_admin;

--
-- Name: manufacturing_workorderoutput_id_seq; Type: SEQUENCE; Schema: public; Owner: erp_admin
--

ALTER TABLE public.manufacturing_workorderoutput ALTER COLUMN id ADD GENERATED BY DEFAULT AS IDENTITY (
    SEQUENCE NAME public.manufacturing_workorderoutput_id_seq
    START WITH 1
    INCREMENT BY 1
    NO MINVALUE
    NO MAXVALUE
    CACHE 1
);


--
-- Name: purchase_purchaseorder; Type: TABLE; Schema: public; Owner: erp_admin
--

CREATE TABLE public.purchase_purchaseorder (
    id bigint NOT NULL,
    created_at timestamp with time zone NOT NULL,
    modified_at timestamp with time zone NOT NULL,
    order_number character varying(50) NOT NULL,
    expected_delivery date NOT NULL,
    status character varying(20) NOT NULL,
    created_by_id bigint,
    modified_by_id bigint,
    supplier_id bigint NOT NULL
);


ALTER TABLE public.purchase_purchaseorder OWNER TO erp_admin;

--
-- Name: purchase_purchaseorder_id_seq; Type: SEQUENCE; Schema: public; Owner: erp_admin
--

ALTER TABLE public.purchase_purchaseorder ALTER COLUMN id ADD GENERATED BY DEFAULT AS IDENTITY (
    SEQUENCE NAME public.purchase_purchaseorder_id_seq
    START WITH 1
    INCREMENT BY 1
    NO MINVALUE
    NO MAXVALUE
    CACHE 1
);


--
-- Name: purchase_purchaseorderitem; Type: TABLE; Schema: public; Owner: erp_admin
--

CREATE TABLE public.purchase_purchaseorderitem (
    id bigint NOT NULL,
    created_at timestamp with time zone NOT NULL,
    modified_at timestamp with time zone NOT NULL,
    quantity integer NOT NULL,
    unit_price numeric(10,2) NOT NULL,
    received_quantity integer NOT NULL,
    created_by_id bigint,
    modified_by_id bigint,
    product_id bigint NOT NULL,
    purchase_order_id bigint NOT NULL
);


ALTER TABLE public.purchase_purchaseorderitem OWNER TO erp_admin;

--
-- Name: purchase_purchaseorderitem_id_seq; Type: SEQUENCE; Schema: public; Owner: erp_admin
--

ALTER TABLE public.purchase_purchaseorderitem ALTER COLUMN id ADD GENERATED BY DEFAULT AS IDENTITY (
    SEQUENCE NAME public.purchase_purchaseorderitem_id_seq
    START WITH 1
    INCREMENT BY 1
    NO MINVALUE
    NO MAXVALUE
    CACHE 1
);


--
-- Name: purchase_supplier; Type: TABLE; Schema: public; Owner: erp_admin
--

CREATE TABLE public.purchase_supplier (
    id bigint NOT NULL,
    created_at timestamp with time zone NOT NULL,
    modified_at timestamp with time zone NOT NULL,
    name character varying(100) NOT NULL,
    code character varying(50) NOT NULL,
    contact_email character varying(254) NOT NULL,
    payment_terms text NOT NULL,
    created_by_id bigint,
    modified_by_id bigint
);


ALTER TABLE public.purchase_supplier OWNER TO erp_admin;

--
-- Name: purchase_supplier_id_seq; Type: SEQUENCE; Schema: public; Owner: erp_admin
--

ALTER TABLE public.purchase_supplier ALTER COLUMN id ADD GENERATED BY DEFAULT AS IDENTITY (
    SEQUENCE NAME public.purchase_supplier_id_seq
    START WITH 1
    INCREMENT BY 1
    NO MINVALUE
    NO MAXVALUE
    CACHE 1
);


--
-- Name: quality_control_calibrationrecord; Type: TABLE; Schema: public; Owner: erp_admin
--

CREATE TABLE public.quality_control_calibrationrecord (
    id bigint NOT NULL,
    created_at timestamp with time zone NOT NULL,
    modified_at timestamp with time zone NOT NULL,
    calibration_date date NOT NULL,
    next_calibration_date date NOT NULL,
    certificate_url character varying(200) NOT NULL,
    parameters jsonb NOT NULL,
    calibrated_by_id bigint NOT NULL,
    created_by_id bigint,
    machine_id bigint NOT NULL,
    modified_by_id bigint
);


ALTER TABLE public.quality_control_calibrationrecord OWNER TO erp_admin;

--
-- Name: quality_control_calibrationrecord_id_seq; Type: SEQUENCE; Schema: public; Owner: erp_admin
--

ALTER TABLE public.quality_control_calibrationrecord ALTER COLUMN id ADD GENERATED BY DEFAULT AS IDENTITY (
    SEQUENCE NAME public.quality_control_calibrationrecord_id_seq
    START WITH 1
    INCREMENT BY 1
    NO MINVALUE
    NO MAXVALUE
    CACHE 1
);


--
-- Name: quality_control_qualitychecklist; Type: TABLE; Schema: public; Owner: erp_admin
--

CREATE TABLE public.quality_control_qualitychecklist (
    id bigint NOT NULL,
    created_at timestamp with time zone NOT NULL,
    modified_at timestamp with time zone NOT NULL,
    name character varying(200) NOT NULL,
    description text NOT NULL,
    items jsonb NOT NULL,
    created_by_id bigint,
    modified_by_id bigint,
    process_id bigint NOT NULL
);


ALTER TABLE public.quality_control_qualitychecklist OWNER TO erp_admin;

--
-- Name: quality_control_qualitychecklist_id_seq; Type: SEQUENCE; Schema: public; Owner: erp_admin
--

ALTER TABLE public.quality_control_qualitychecklist ALTER COLUMN id ADD GENERATED BY DEFAULT AS IDENTITY (
    SEQUENCE NAME public.quality_control_qualitychecklist_id_seq
    START WITH 1
    INCREMENT BY 1
    NO MINVALUE
    NO MAXVALUE
    CACHE 1
);


--
-- Name: quality_control_qualitydocument; Type: TABLE; Schema: public; Owner: erp_admin
--

CREATE TABLE public.quality_control_qualitydocument (
    id bigint NOT NULL,
    created_at timestamp with time zone NOT NULL,
    modified_at timestamp with time zone NOT NULL,
    document_type character varying(20) NOT NULL,
    title character varying(200) NOT NULL,
    version character varying(20) NOT NULL,
    effective_date date NOT NULL,
    file character varying(100) NOT NULL,
    approved_by_id bigint NOT NULL,
    created_by_id bigint,
    modified_by_id bigint,
    related_bom_id bigint,
    related_product_id bigint
);


ALTER TABLE public.quality_control_qualitydocument OWNER TO erp_admin;

--
-- Name: quality_control_qualitydocument_id_seq; Type: SEQUENCE; Schema: public; Owner: erp_admin
--

ALTER TABLE public.quality_control_qualitydocument ALTER COLUMN id ADD GENERATED BY DEFAULT AS IDENTITY (
    SEQUENCE NAME public.quality_control_qualitydocument_id_seq
    START WITH 1
    INCREMENT BY 1
    NO MINVALUE
    NO MAXVALUE
    CACHE 1
);


--
-- Name: quality_control_qualityformresponse; Type: TABLE; Schema: public; Owner: erp_admin
--

CREATE TABLE public.quality_control_qualityformresponse (
    id bigint NOT NULL,
    created_at timestamp with time zone NOT NULL,
    modified_at timestamp with time zone NOT NULL,
    responses jsonb NOT NULL,
    passed boolean NOT NULL,
    checklist_id bigint NOT NULL,
    created_by_id bigint,
    modified_by_id bigint,
    responder_id bigint NOT NULL,
    work_order_id bigint NOT NULL
);


ALTER TABLE public.quality_control_qualityformresponse OWNER TO erp_admin;

--
-- Name: quality_control_qualityformresponse_id_seq; Type: SEQUENCE; Schema: public; Owner: erp_admin
--

ALTER TABLE public.quality_control_qualityformresponse ALTER COLUMN id ADD GENERATED BY DEFAULT AS IDENTITY (
    SEQUENCE NAME public.quality_control_qualityformresponse_id_seq
    START WITH 1
    INCREMENT BY 1
    NO MINVALUE
    NO MAXVALUE
    CACHE 1
);


--
-- Name: sales_salesorder; Type: TABLE; Schema: public; Owner: erp_admin
--

CREATE TABLE public.sales_salesorder (
    id bigint NOT NULL,
    created_at timestamp with time zone NOT NULL,
    modified_at timestamp with time zone NOT NULL,
    order_number character varying(50) NOT NULL,
    order_date date NOT NULL,
    deadline_date date NOT NULL,
    approved_by_id bigint,
    created_by_id bigint,
    customer_id bigint NOT NULL,
    modified_by_id bigint,
    status character varying(20) NOT NULL
);


ALTER TABLE public.sales_salesorder OWNER TO erp_admin;

--
-- Name: sales_salesorder_id_seq; Type: SEQUENCE; Schema: public; Owner: erp_admin
--

ALTER TABLE public.sales_salesorder ALTER COLUMN id ADD GENERATED BY DEFAULT AS IDENTITY (
    SEQUENCE NAME public.sales_salesorder_id_seq
    START WITH 1
    INCREMENT BY 1
    NO MINVALUE
    NO MAXVALUE
    CACHE 1
);


--
-- Name: sales_salesorderitem; Type: TABLE; Schema: public; Owner: erp_admin
--

CREATE TABLE public.sales_salesorderitem (
    id bigint NOT NULL,
    quantity integer NOT NULL,
    fulfilled_quantity integer NOT NULL,
    product_id bigint NOT NULL,
    sales_order_id bigint NOT NULL
);


ALTER TABLE public.sales_salesorderitem OWNER TO erp_admin;

--
-- Name: sales_salesorderitem_id_seq; Type: SEQUENCE; Schema: public; Owner: erp_admin
--

ALTER TABLE public.sales_salesorderitem ALTER COLUMN id ADD GENERATED BY DEFAULT AS IDENTITY (
    SEQUENCE NAME public.sales_salesorderitem_id_seq
    START WITH 1
    INCREMENT BY 1
    NO MINVALUE
    NO MAXVALUE
    CACHE 1
);


--
-- Name: sales_shipping; Type: TABLE; Schema: public; Owner: erp_admin
--

CREATE TABLE public.sales_shipping (
    created_at timestamp with time zone NOT NULL,
    modified_at timestamp with time zone NOT NULL,
    id uuid NOT NULL,
    shipping_no character varying(50) NOT NULL,
    shipping_date date NOT NULL,
    shipping_amount numeric(10,2) NOT NULL,
    shipping_note text,
    created_by_id bigint,
    modified_by_id bigint,
    order_id bigint NOT NULL,
    actual_delivery_date date,
    carrier character varying(100),
    carrier_service character varying(100),
    estimated_delivery_date date,
    insurance_amount numeric(10,2),
    is_insured boolean NOT NULL,
    package_height numeric(10,2),
    package_length numeric(10,2),
    package_weight numeric(10,2),
    package_width numeric(10,2),
    shipping_address_line1 character varying(255),
    shipping_address_line2 character varying(255),
    shipping_city character varying(100),
    shipping_country character varying(100),
    shipping_postal_code character varying(20),
    shipping_state character varying(100),
    status character varying(20) NOT NULL,
    tracking_number character varying(100)
);


ALTER TABLE public.sales_shipping OWNER TO erp_admin;

--
-- Data for Name: auth_group; Type: TABLE DATA; Schema: public; Owner: erp_admin
--

COPY public.auth_group (id, name) FROM stdin;
\.


--
-- Data for Name: auth_group_permissions; Type: TABLE DATA; Schema: public; Owner: erp_admin
--

COPY public.auth_group_permissions (id, group_id, permission_id) FROM stdin;
\.


--
-- Data for Name: auth_permission; Type: TABLE DATA; Schema: public; Owner: erp_admin
--

COPY public.auth_permission (id, name, content_type_id, codename) FROM stdin;
1	Can add log entry	1	add_logentry
2	Can change log entry	1	change_logentry
3	Can delete log entry	1	delete_logentry
4	Can view log entry	1	view_logentry
5	Can add permission	2	add_permission
6	Can change permission	2	change_permission
7	Can delete permission	2	delete_permission
8	Can view permission	2	view_permission
9	Can add group	3	add_group
10	Can change group	3	change_group
11	Can delete group	3	delete_group
12	Can view group	3	view_group
13	Can add content type	4	add_contenttype
14	Can change content type	4	change_contenttype
15	Can delete content type	4	delete_contenttype
16	Can view content type	4	view_contenttype
17	Can add session	5	add_session
18	Can change session	5	change_session
19	Can delete session	5	delete_session
20	Can view session	5	view_session
21	Can add BOM Process Configuration	6	add_bomprocessconfig
22	Can change BOM Process Configuration	6	change_bomprocessconfig
23	Can delete BOM Process Configuration	6	delete_bomprocessconfig
24	Can view BOM Process Configuration	6	view_bomprocessconfig
25	Can add Bill of Materials	7	add_bom
26	Can change Bill of Materials	7	change_bom
27	Can delete Bill of Materials	7	delete_bom
28	Can view Bill of Materials	7	view_bom
29	Can add BOM Component	8	add_bomcomponent
30	Can change BOM Component	8	change_bomcomponent
31	Can delete BOM Component	8	delete_bomcomponent
32	Can view BOM Component	8	view_bomcomponent
33	Can add machine	9	add_machine
34	Can change machine	9	change_machine
35	Can delete machine	9	delete_machine
36	Can view machine	9	view_machine
37	Can add manufacturing process	10	add_manufacturingprocess
38	Can change manufacturing process	10	change_manufacturingprocess
39	Can delete manufacturing process	10	delete_manufacturingprocess
40	Can view manufacturing process	10	view_manufacturingprocess
41	Can add sub work order	11	add_subworkorder
42	Can change sub work order	11	change_subworkorder
43	Can delete sub work order	11	delete_subworkorder
44	Can view sub work order	11	view_subworkorder
45	Can add sub work order process	12	add_subworkorderprocess
46	Can change sub work order process	12	change_subworkorderprocess
47	Can delete sub work order process	12	delete_subworkorderprocess
48	Can view sub work order process	12	view_subworkorderprocess
49	Can add work order	13	add_workorder
50	Can change work order	13	change_workorder
51	Can delete work order	13	delete_workorder
52	Can view work order	13	view_workorder
53	Can add work order output	14	add_workorderoutput
54	Can change work order output	14	change_workorderoutput
55	Can delete work order output	14	delete_workorderoutput
56	Can view work order output	14	view_workorderoutput
57	Can add Unit of Measure	15	add_unitofmeasure
58	Can change Unit of Measure	15	change_unitofmeasure
59	Can delete Unit of Measure	15	delete_unitofmeasure
60	Can view Unit of Measure	15	view_unitofmeasure
61	Can add Product	16	add_product
62	Can change Product	16	change_product
63	Can delete Product	16	delete_product
64	Can view Product	16	view_product
65	Can add Raw Material	17	add_rawmaterial
66	Can change Raw Material	17	change_rawmaterial
67	Can delete Raw Material	17	delete_rawmaterial
68	Can view Raw Material	17	view_rawmaterial
69	Can add Inventory Transaction	18	add_inventorytransaction
70	Can change Inventory Transaction	18	change_inventorytransaction
71	Can delete Inventory Transaction	18	delete_inventorytransaction
72	Can view Inventory Transaction	18	view_inventorytransaction
73	Can add Technical Drawing	19	add_technicaldrawing
74	Can change Technical Drawing	19	change_technicaldrawing
75	Can delete Technical Drawing	19	delete_technicaldrawing
76	Can view Technical Drawing	19	view_technicaldrawing
77	Can add Inventory Category	20	add_inventorycategory
78	Can change Inventory Category	20	change_inventorycategory
79	Can delete Inventory Category	20	delete_inventorycategory
80	Can view Inventory Category	20	view_inventorycategory
81	Can add sales order	21	add_salesorder
82	Can change sales order	21	change_salesorder
83	Can delete sales order	21	delete_salesorder
84	Can view sales order	21	view_salesorder
85	Can add sales order item	22	add_salesorderitem
86	Can change sales order item	22	change_salesorderitem
87	Can delete sales order item	22	delete_salesorderitem
88	Can view sales order item	22	view_salesorderitem
89	Can add Shipping	23	add_shipping
90	Can change Shipping	23	change_shipping
91	Can delete Shipping	23	delete_shipping
92	Can view Shipping	23	view_shipping
93	Can add purchase order	24	add_purchaseorder
94	Can change purchase order	24	change_purchaseorder
95	Can delete purchase order	24	delete_purchaseorder
96	Can view purchase order	24	view_purchaseorder
97	Can add purchase order item	25	add_purchaseorderitem
98	Can change purchase order item	25	change_purchaseorderitem
99	Can delete purchase order item	25	delete_purchaseorderitem
100	Can view purchase order item	25	view_purchaseorderitem
101	Can add supplier	26	add_supplier
102	Can change supplier	26	change_supplier
103	Can delete supplier	26	delete_supplier
104	Can view supplier	26	view_supplier
105	Can add fault report	27	add_faultreport
106	Can change fault report	27	change_faultreport
107	Can delete fault report	27	delete_faultreport
108	Can view fault report	27	view_faultreport
109	Can add maintenance	28	add_maintenance
110	Can change maintenance	28	change_maintenance
111	Can delete maintenance	28	delete_maintenance
112	Can view maintenance	28	view_maintenance
113	Can add calibration record	29	add_calibrationrecord
114	Can change calibration record	29	change_calibrationrecord
115	Can delete calibration record	29	delete_calibrationrecord
116	Can view calibration record	29	view_calibrationrecord
117	Can add quality checklist	30	add_qualitychecklist
118	Can change quality checklist	30	change_qualitychecklist
119	Can delete quality checklist	30	delete_qualitychecklist
120	Can view quality checklist	30	view_qualitychecklist
121	Can add quality document	31	add_qualitydocument
122	Can change quality document	31	change_qualitydocument
123	Can delete quality document	31	delete_qualitydocument
124	Can view quality document	31	view_qualitydocument
125	Can add quality form response	32	add_qualityformresponse
126	Can change quality form response	32	change_qualityformresponse
127	Can delete quality form response	32	delete_qualityformresponse
128	Can view quality form response	32	view_qualityformresponse
129	Can add group object permission	33	add_groupobjectpermission
130	Can change group object permission	33	change_groupobjectpermission
131	Can delete group object permission	33	delete_groupobjectpermission
132	Can view group object permission	33	view_groupobjectpermission
133	Can add user object permission	34	add_userobjectpermission
134	Can change user object permission	34	change_userobjectpermission
135	Can delete user object permission	34	delete_userobjectpermission
136	Can view user object permission	34	view_userobjectpermission
137	Can add customer	35	add_customer
138	Can change customer	35	change_customer
139	Can delete customer	35	delete_customer
140	Can view customer	35	view_customer
141	Can add user	36	add_user
142	Can change user	36	change_user
143	Can delete user	36	delete_user
144	Can view user	36	view_user
145	Can add department	37	add_department
146	Can change department	37	change_department
147	Can delete department	37	delete_department
148	Can view department	37	view_department
149	Can add user profile	38	add_userprofile
150	Can change user profile	38	change_userprofile
151	Can delete user profile	38	delete_userprofile
152	Can view user profile	38	view_userprofile
153	Can add role permission	39	add_rolepermission
154	Can change role permission	39	change_rolepermission
155	Can delete role permission	39	delete_rolepermission
156	Can view role permission	39	view_rolepermission
157	Can add access attempt	40	add_accessattempt
158	Can change access attempt	40	change_accessattempt
159	Can delete access attempt	40	delete_accessattempt
160	Can view access attempt	40	view_accessattempt
161	Can add access log	41	add_accesslog
162	Can change access log	41	change_accesslog
163	Can delete access log	41	delete_accesslog
164	Can view access log	41	view_accesslog
165	Can add access failure	42	add_accessfailurelog
166	Can change access failure	42	change_accessfailurelog
167	Can delete access failure	42	delete_accessfailurelog
168	Can view access failure	42	view_accessfailurelog
169	Can add access attempt	43	add_accessattempt
170	Can change access attempt	43	change_accessattempt
171	Can delete access attempt	43	delete_accessattempt
172	Can view access attempt	43	view_accessattempt
173	Can add process component	44	add_processcomponent
174	Can change process component	44	change_processcomponent
175	Can delete process component	44	delete_processcomponent
176	Can view process component	44	view_processcomponent
177	Can add product component	45	add_productcomponent
178	Can change product component	45	change_productcomponent
179	Can delete product component	45	delete_productcomponent
180	Can view product component	45	view_productcomponent
\.


--
-- Data for Name: axes_accessattempt; Type: TABLE DATA; Schema: public; Owner: erp_admin
--

COPY public.axes_accessattempt (id, user_agent, ip_address, username, http_accept, path_info, attempt_time, get_data, post_data, failures_since_start) FROM stdin;
\.


--
-- Data for Name: axes_accessfailurelog; Type: TABLE DATA; Schema: public; Owner: erp_admin
--

COPY public.axes_accessfailurelog (id, user_agent, ip_address, username, http_accept, path_info, attempt_time, locked_out) FROM stdin;
\.


--
-- Data for Name: axes_accesslog; Type: TABLE DATA; Schema: public; Owner: erp_admin
--

COPY public.axes_accesslog (id, user_agent, ip_address, username, http_accept, path_info, attempt_time, logout_time) FROM stdin;
1	node	172.20.0.5	admin	*/*	/auth/login/	2025-02-18 05:22:28.831064+00	\N
2	Mozilla/5.0 (Macintosh; Intel Mac OS X 10_15_7) AppleWebKit/537.36 (KHTML, like Gecko) Chrome/133.0.0.0 Safari/537.36	172.20.0.5	admin	text/html,application/xhtml+xml,application/xml;q=0.9,image/avif,image/webp,image/apng,*/*;q=0.8,application/signed-exchange;v=b3;q=0.7	/admin/login/	2025-02-18 05:28:18.842431+00	\N
3	node	172.20.0.5	admin	*/*	/auth/login/	2025-02-18 06:01:47.995028+00	\N
4	node	172.19.0.5	admin	*/*	/auth/login/	2025-02-18 06:20:02.904133+00	\N
5	node	172.19.0.5	esragur	*/*	/auth/login/	2025-02-18 06:23:40.796355+00	\N
6	node	172.19.0.5	admin	*/*	/auth/login/	2025-02-18 07:34:54.756272+00	\N
7	node	172.19.0.5	esragur	*/*	/auth/login/	2025-02-18 08:36:02.752145+00	\N
8	node	172.19.0.5	esragur	*/*	/auth/login/	2025-02-18 08:41:09.515496+00	\N
9	node	172.19.0.5	admin	*/*	/auth/login/	2025-02-18 12:17:31.578103+00	\N
10	node	172.19.0.5	admin	*/*	/auth/login/	2025-02-18 12:18:15.749758+00	\N
11	node	172.19.0.5	esragur	*/*	/auth/login/	2025-02-18 13:24:21.651994+00	\N
12	node	172.19.0.5	esragur	*/*	/auth/login/	2025-02-18 13:55:17.805188+00	\N
13	node	172.19.0.5	esragur	*/*	/auth/login/	2025-02-19 05:43:29.290416+00	\N
14	node	172.19.0.5	admin	*/*	/auth/login/	2025-02-19 07:20:30.929935+00	\N
15	node	172.19.0.5	esragur	*/*	/auth/login/	2025-02-19 07:20:37.830925+00	\N
16	node	172.19.0.5	admin	*/*	/auth/login/	2025-02-20 02:52:24.264556+00	\N
17	node	172.19.0.5	esragur	*/*	/auth/login/	2025-02-20 12:19:43.95656+00	\N
18	node	172.19.0.5	admin	*/*	/auth/login/	2025-02-20 14:02:28.299924+00	\N
19	node	172.19.0.5	admin	*/*	/auth/login/	2025-02-20 14:18:39.864546+00	\N
20	node	172.19.0.5	esragur	*/*	/auth/login/	2025-02-20 14:45:26.655067+00	\N
\.


--
-- Data for Name: defender_accessattempt; Type: TABLE DATA; Schema: public; Owner: erp_admin
--

COPY public.defender_accessattempt (id, user_agent, ip_address, username, http_accept, path_info, attempt_time, login_valid) FROM stdin;
\.


--
-- Data for Name: django_admin_log; Type: TABLE DATA; Schema: public; Owner: erp_admin
--

COPY public.django_admin_log (id, action_time, object_id, object_repr, action_flag, change_message, content_type_id, user_id) FROM stdin;
1	2025-02-18 05:35:40.908603+00	2	admin	2	[{"changed": {"fields": ["Role"]}}]	36	2
2	2025-02-18 06:23:26.009214+00	3	esragur	1	[{"added": {}}]	36	2
3	2025-02-18 09:00:57.555122+00	238	03.0.14.0008.00.00.00 - Gez  Sac	2	[{"changed": {"fields": ["Inventory category"]}}]	16	2
4	2025-02-18 09:01:04.084254+00	236	03.0.14.0009.00.00.00 - Niangah Sac	2	[{"changed": {"fields": ["Inventory category"]}}]	16	2
5	2025-02-18 09:04:22.888075+00	239	03.0.14.0003.00.00.00 - Yan Ayar Vidas	2	[{"changed": {"fields": ["Inventory category"]}}]	16	2
6	2025-02-18 09:11:14.534716+00	240	02.YAY01.00L49.50D01.30 - Ykseli Yay (Kapsam 19)	2	[{"changed": {"fields": ["Product name", "Description"]}}]	16	2
7	2025-02-18 09:12:44.286121+00	240	02.YAY01.00L49.50D01.30 - Ykseli Yay (Kapsam 19)	2	[{"changed": {"fields": ["Product type", "Inventory category"]}}]	16	2
8	2025-02-18 09:13:13.73043+00	40	02.YAY00.40L05.50D01.70 - KLK YAYI - GEZ N (kapsam 7)	2	[{"changed": {"fields": ["Product type", "Inventory category"]}}]	16	2
9	2025-02-18 09:13:22.60354+00	41	02.YAY00.40L07.50D01.55 - Arpack Ara Ayar Somunu Klik Yay	2	[{"changed": {"fields": ["Product type", "Inventory category"]}}]	16	2
10	2025-02-18 09:13:30.84251+00	42	02.YAY00.40L08.00D01.70 - Gez Kule Klik Yay (Kapsam 13)	2	[{"changed": {"fields": ["Product type", "Inventory category"]}}]	16	2
11	2025-02-18 09:14:34.900887+00	43	02.YAY00.40L09.00D01.70 - YAY - GEZ UCU KONUMLAMA DL N (kapsam 10)	2	[{"changed": {"fields": ["Product type", "Inventory category"]}}]	16	2
12	2025-02-18 09:14:49.71379+00	44	02.YAY00.45L03.50D01.90 - Pul Kilit Yay	2	[{"changed": {"fields": ["Product type", "Inventory category"]}}]	16	2
13	2025-02-18 09:15:56.724559+00	45	02.YAY00.45L07.50D01.90 - Gez Yan Tambur Klik Yay (Kapsam 16)	2	[{"changed": {"fields": ["Product type", "Inventory category"]}}]	16	2
14	2025-02-18 09:16:05.876185+00	46	02.YAY00.45L11.00D01.40 - KLK BLYASI YAYI (kapsam 8)	2	[{"changed": {"fields": ["Product type", "Inventory category"]}}]	16	2
15	2025-02-18 09:16:17.385189+00	47	02.YAY00.50L05.10D01.50 - 0.50 BASMA YAY - KAPSAM27	2	[{"changed": {"fields": ["Product type", "Inventory category"]}}]	16	2
16	2025-02-18 09:16:28.074522+00	48	02.YAY00.50L05.50D01.50 - Kule Kilit Dili in Konumlama Yay	2	[{"changed": {"fields": ["Product type", "Inventory category"]}}]	16	2
17	2025-02-18 09:16:35.987672+00	49	02.YAY00.50L08.50D02.20 - Kule Kilit Dili Yay (Kapsam 15)	2	[{"changed": {"fields": ["Product type", "Description", "Inventory category"]}}]	16	2
18	2025-02-18 09:16:45.255077+00	50	02.YAY00.50L13.50D02.20 - Gez Ucu Bask Yay (Kapsam 4)	2	[{"changed": {"fields": ["Product type", "Inventory category"]}}]	16	2
19	2025-02-18 09:16:52.561898+00	51	02.YAY00.50L22.00D02.30 - GEZ YAYI (kapsam 6)	2	[{"changed": {"fields": ["Product type", "Inventory category"]}}]	16	2
20	2025-02-18 09:16:58.637102+00	52	02.YAY00.55L25.40D03.80 - BASKI YAYI - ARPACIK KLD N (kapsam 3)	2	[{"changed": {"fields": ["Product type", "Inventory category"]}}]	16	2
21	2025-02-18 09:17:06.230518+00	53	02.YAY00.60L05.50D05.95 - YAY - GEZ YAN AYAR TAMBURU N (kapsam 20)	2	[{"changed": {"fields": ["Product type", "Inventory category"]}}]	16	2
22	2025-02-18 09:17:15.47868+00	54	02.YAY00.60L07.50D05.25 - Arpack Klik Yay	2	[{"changed": {"fields": ["Product type", "Inventory category"]}}]	16	2
23	2025-02-18 09:17:25.12868+00	55	02.YAY00.80L07.40D05.30 - Arpack Ara Ayar Somun Yay	2	[{"changed": {"fields": ["Product type", "Inventory category"]}}]	16	2
24	2025-02-18 09:17:30.777652+00	240	02.YAY01.00L49.50D01.30 - Ykseli Yay (Kapsam 19)	2	[]	16	2
25	2025-02-18 09:17:39.471833+00	56	02.YAY01.60L15.20D11.80 - Niangah Hamili Konum Yay	2	[{"changed": {"fields": ["Product type", "Inventory category"]}}]	16	2
26	2025-02-18 12:32:56.144978+00	38	02.PM.SP.02.00x22.00 -  2 X 22 mm Spiral Pim	2	[{"changed": {"fields": ["Product type", "Inventory category"]}}]	16	2
27	2025-02-19 08:04:56.730966+00	161	03.1.13.0000.00.00.00 - KMG16" - Alt Mekanizma Piston Mili Komplesi	2	[{"changed": {"fields": ["Product type", "Inventory category"]}}]	16	2
28	2025-02-19 12:20:29.187726+00	1	CNC-01 - leme Merkezi	2	[{"changed": {"fields": ["Axis count"]}}]	9	2
29	2025-02-19 12:20:38.986018+00	2	CNC-03 - leme Merkezi	2	[{"changed": {"fields": ["Axis count"]}}]	9	2
30	2025-02-19 12:21:22.09633+00	3	CNC-04 - leme Merkezi	2	[{"changed": {"fields": ["Axis count"]}}]	9	2
31	2025-02-19 12:21:32.095888+00	4	CNC-05 - leme Merkezi	2	[{"changed": {"fields": ["Axis count"]}}]	9	2
32	2025-02-19 12:22:33.410213+00	5	CNC-07 - CNC Torna Merkezi	2	[{"changed": {"fields": ["Axis count"]}}]	9	2
33	2025-02-19 12:22:43.457013+00	6	CNC-08 - CNC Kayar Otomat	2	[{"changed": {"fields": ["Axis count"]}}]	9	2
34	2025-02-19 12:23:03.276321+00	7	CNC-10 - CNC Kayar Otomat	2	[{"changed": {"fields": ["Axis count"]}}]	9	2
35	2025-02-19 12:23:24.57265+00	8	CNC-11 - leme Merkezi	2	[{"changed": {"fields": ["Axis count"]}}]	9	2
36	2025-02-19 12:24:22.160423+00	9	CNC-12 - leme Merkezi	2	[{"changed": {"fields": ["Axis count"]}}]	9	2
37	2025-02-19 12:24:36.075586+00	10	CNC-13 - leme Merkezi	2	[{"changed": {"fields": ["Axis count"]}}]	9	2
38	2025-02-19 12:24:57.275923+00	11	CNC-14 - leme Merkezi	2	[{"changed": {"fields": ["Axis count"]}}]	9	2
39	2025-02-19 12:25:19.882101+00	12	CNC-15 - leme Merkezi	2	[{"changed": {"fields": ["Axis count"]}}]	9	2
40	2025-02-19 12:51:48.259043+00	13	CNC-16 - leme Merkezi	2	[{"changed": {"fields": ["Axis count"]}}]	9	2
41	2025-02-20 14:23:35.375079+00	39	02.VD.M2.5X05 - M2	2	[{"changed": {"fields": ["Product type", "Inventory category"]}}]	16	2
\.


--
-- Data for Name: django_content_type; Type: TABLE DATA; Schema: public; Owner: erp_admin
--

COPY public.django_content_type (id, app_label, model) FROM stdin;
1	admin	logentry
2	auth	permission
3	auth	group
4	contenttypes	contenttype
5	sessions	session
6	manufacturing	bomprocessconfig
7	manufacturing	bom
8	manufacturing	bomcomponent
9	manufacturing	machine
10	manufacturing	manufacturingprocess
11	manufacturing	subworkorder
12	manufacturing	subworkorderprocess
13	manufacturing	workorder
14	manufacturing	workorderoutput
15	inventory	unitofmeasure
16	inventory	product
17	inventory	rawmaterial
18	inventory	inventorytransaction
19	inventory	technicaldrawing
20	inventory	inventorycategory
21	sales	salesorder
22	sales	salesorderitem
23	sales	shipping
24	purchase	purchaseorder
25	purchase	purchaseorderitem
26	purchase	supplier
27	maintenance	faultreport
28	maintenance	maintenance
29	quality_control	calibrationrecord
30	quality_control	qualitychecklist
31	quality_control	qualitydocument
32	quality_control	qualityformresponse
33	guardian	groupobjectpermission
34	guardian	userobjectpermission
35	erp_core	customer
36	erp_core	user
37	erp_core	department
38	erp_core	userprofile
39	erp_core	rolepermission
40	axes	accessattempt
41	axes	accesslog
42	axes	accessfailurelog
43	defender	accessattempt
44	manufacturing	processcomponent
45	manufacturing	productcomponent
\.


--
-- Data for Name: django_migrations; Type: TABLE DATA; Schema: public; Owner: erp_admin
--

COPY public.django_migrations (id, app, name, applied) FROM stdin;
1	contenttypes	0001_initial	2025-02-18 05:18:00.451279+00
2	contenttypes	0002_remove_content_type_name	2025-02-18 05:18:00.458802+00
3	auth	0001_initial	2025-02-18 05:18:00.506886+00
4	auth	0002_alter_permission_name_max_length	2025-02-18 05:18:00.519075+00
5	auth	0003_alter_user_email_max_length	2025-02-18 05:18:00.528843+00
6	auth	0004_alter_user_username_opts	2025-02-18 05:18:00.535013+00
7	auth	0005_alter_user_last_login_null	2025-02-18 05:18:00.540897+00
8	auth	0006_require_contenttypes_0002	2025-02-18 05:18:00.542951+00
9	auth	0007_alter_validators_add_error_messages	2025-02-18 05:18:00.549727+00
10	auth	0008_alter_user_username_max_length	2025-02-18 05:18:00.557546+00
11	auth	0009_alter_user_last_name_max_length	2025-02-18 05:18:00.565037+00
12	auth	0010_alter_group_name_max_length	2025-02-18 05:18:00.572212+00
13	auth	0011_update_proxy_permissions	2025-02-18 05:18:00.623124+00
14	auth	0012_alter_user_first_name_max_length	2025-02-18 05:18:00.634343+00
15	erp_core	0001_initial	2025-02-18 05:18:00.701206+00
16	admin	0001_initial	2025-02-18 05:18:00.730697+00
17	admin	0002_logentry_remove_auto_add	2025-02-18 05:18:00.743443+00
18	admin	0003_logentry_add_action_flag_choices	2025-02-18 05:18:00.754446+00
19	axes	0001_initial	2025-02-18 05:18:00.77108+00
20	axes	0002_auto_20151217_2044	2025-02-18 05:18:00.816568+00
21	axes	0003_auto_20160322_0929	2025-02-18 05:18:00.833215+00
22	axes	0004_auto_20181024_1538	2025-02-18 05:18:00.847479+00
23	axes	0005_remove_accessattempt_trusted	2025-02-18 05:18:00.851662+00
24	axes	0006_remove_accesslog_trusted	2025-02-18 05:18:00.857517+00
25	axes	0007_alter_accessattempt_unique_together	2025-02-18 05:18:00.879949+00
26	axes	0008_accessfailurelog	2025-02-18 05:18:00.900466+00
27	defender	0001_initial	2025-02-18 05:18:00.908998+00
28	erp_core	0002_department_user_departments_userprofile_and_more	2025-02-18 05:18:00.98288+00
29	erp_core	0003_customer_created_at_customer_created_by_and_more	2025-02-18 05:18:01.030504+00
30	guardian	0001_initial	2025-02-18 05:18:01.113663+00
31	guardian	0002_generic_permissions_index	2025-02-18 05:18:01.148595+00
32	inventory	0001_initial	2025-02-18 05:18:01.301326+00
33	inventory	0002_inventorycategory_and_more	2025-02-18 05:18:01.453132+00
34	inventory	0003_alter_inventorytransaction_options_and_more	2025-02-18 05:18:01.612863+00
35	inventory	0004_alter_product_product_type	2025-02-18 05:18:01.63958+00
36	inventory	0005_alter_product_options	2025-02-18 05:18:01.666284+00
37	inventory	0006_rawmaterial_diameter_mm_rawmaterial_height_and_more	2025-02-18 05:18:01.893291+00
38	inventory	0007_remove_technicaldrawing_drawing_url_and_more	2025-02-18 05:18:01.945985+00
39	sales	0001_initial	2025-02-18 05:18:02.055311+00
40	manufacturing	0001_initial	2025-02-18 05:18:02.705982+00
41	manufacturing	0002_workorderoutput_remove_salesorder_approved_by_and_more	2025-02-18 05:18:03.015639+00
42	manufacturing	0003_alter_workorder_sales_order_item_and_more	2025-02-18 05:18:03.443986+00
43	manufacturing	0004_alter_bomcomponent_component_type	2025-02-18 05:18:03.467036+00
44	manufacturing	0005_bomcomponent_standard_part_and_more	2025-02-18 05:18:03.685336+00
45	manufacturing	0006_machine_last_maintenance_date_and_more	2025-02-18 05:18:03.754474+00
46	manufacturing	0007_machine_maintenance_notes	2025-02-18 05:18:03.785724+00
47	maintenance	0001_initial	2025-02-18 05:18:03.907944+00
48	purchase	0001_initial	2025-02-18 05:18:04.192224+00
49	quality_control	0001_initial	2025-02-18 05:18:04.570625+00
50	sales	0002_alter_salesorder_options_salesorder_status	2025-02-18 05:18:04.672515+00
51	sales	0003_shipping	2025-02-18 05:18:04.848726+00
52	sales	0004_shipping_actual_delivery_date_shipping_carrier_and_more	2025-02-18 05:18:05.626621+00
53	sessions	0001_initial	2025-02-18 05:18:05.64389+00
54	erp_core	0004_alter_userprofile_options	2025-02-19 12:08:37.836289+00
55	manufacturing	0009_convert_manufacturing_year_to_date	2025-02-19 12:14:43.330105+00
56	manufacturing	0008_alter_bomcomponent_options_and_more	2025-02-19 12:14:43.959751+00
57	manufacturing	0010_merge_20250219_0710	2025-02-19 12:14:43.9621+00
58	manufacturing	0011_alter_machine_internal_cooling	2025-02-19 12:14:44.143892+00
59	manufacturing	0012_remove_bomprocessconfig_machine_type_and_more	2025-02-19 12:14:44.178336+00
60	manufacturing	0013_remove_bomcomponent_process	2025-02-19 12:14:44.23682+00
61	manufacturing	0014_remove_bomcomponent_raw_material_and_more	2025-02-19 12:14:45.045308+00
62	manufacturing	0015_workorderoutput_inspection_required_and_more	2025-02-20 14:22:24.067886+00
63	manufacturing	0016_alter_bom_product	2025-02-20 14:22:24.319114+00
64	manufacturing	0017_rename_bom_product_idx_manufacturi_product_60b29a_idx	2025-02-20 15:29:03.205302+00
\.


--
-- Data for Name: django_session; Type: TABLE DATA; Schema: public; Owner: erp_admin
--

COPY public.django_session (session_key, session_data, expire_date) FROM stdin;
\.


--
-- Data for Name: erp_core_customer; Type: TABLE DATA; Schema: public; Owner: erp_admin
--

COPY public.erp_core_customer (id, code, name, created_at, created_by_id, modified_at, modified_by_id) FROM stdin;
1	KKCO	KK Customer	2025-02-18 05:20:54.615066+00	\N	2025-02-18 05:20:54.615072+00	\N
2	SSCO	SS Customer	2025-02-18 05:20:54.618036+00	\N	2025-02-18 05:20:54.61804+00	\N
\.


--
-- Data for Name: erp_core_department; Type: TABLE DATA; Schema: public; Owner: erp_admin
--

COPY public.erp_core_department (id, name, description, created_at) FROM stdin;
\.


--
-- Data for Name: erp_core_rolepermission; Type: TABLE DATA; Schema: public; Owner: erp_admin
--

COPY public.erp_core_rolepermission (id, role, permission_id) FROM stdin;
\.


--
-- Data for Name: erp_core_user; Type: TABLE DATA; Schema: public; Owner: erp_admin
--

COPY public.erp_core_user (id, password, is_superuser, username, first_name, last_name, is_staff, date_joined, email, role, last_login, is_active, created_at) FROM stdin;
1	!6fXnI16UCL5uTUU5WRsdRl7NydrbvJMfo5Vf3nDy	f	AnonymousUser			f	2025-02-18 05:18:05.762822+00		VIEWER	\N	t	2025-02-18 05:18:05.762833+00
2	pbkdf2_sha256$870000$ZxXUSPKT8CYH7DY3hSz74k$IzxJ0RqzobHkTtrsvuvfDc8IjylHRkxZo2CSEumN8ys=	t	admin			t	2025-02-18 05:22:15+00	admin@gmail.com	ADMIN	2025-02-20 14:18:39.859284+00	t	2025-02-18 05:22:15+00
3	pbkdf2_sha256$870000$AfHGnpNkuQ3btpMYWCAlfr$krJIJjtBdqpAVFA5nbdjHgF1dTXlfF82oN7tZVsc/5A=	f	esragur	Esra	Gr	f	2025-02-18 06:22:39+00	esra@kapsammakina.com	ADMIN	2025-02-20 14:45:26.648867+00	t	2025-02-18 06:22:39+00
\.


--
-- Data for Name: erp_core_user_departments; Type: TABLE DATA; Schema: public; Owner: erp_admin
--

COPY public.erp_core_user_departments (id, user_id, department_id) FROM stdin;
\.


--
-- Data for Name: erp_core_user_groups; Type: TABLE DATA; Schema: public; Owner: erp_admin
--

COPY public.erp_core_user_groups (id, user_id, group_id) FROM stdin;
\.


--
-- Data for Name: erp_core_user_user_permissions; Type: TABLE DATA; Schema: public; Owner: erp_admin
--

COPY public.erp_core_user_user_permissions (id, user_id, permission_id) FROM stdin;
\.


--
-- Data for Name: erp_core_userprofile; Type: TABLE DATA; Schema: public; Owner: erp_admin
--

COPY public.erp_core_userprofile (id, phone_number, employee_id, is_department_head, department_id, user_id) FROM stdin;
1		EMP0001	f	\N	2
2		EMP0002	f	\N	3
\.


--
-- Data for Name: guardian_groupobjectpermission; Type: TABLE DATA; Schema: public; Owner: erp_admin
--

COPY public.guardian_groupobjectpermission (id, object_pk, content_type_id, group_id, permission_id) FROM stdin;
\.


--
-- Data for Name: guardian_userobjectpermission; Type: TABLE DATA; Schema: public; Owner: erp_admin
--

COPY public.guardian_userobjectpermission (id, object_pk, content_type_id, permission_id, user_id) FROM stdin;
\.


--
-- Data for Name: inventory_inventorycategory; Type: TABLE DATA; Schema: public; Owner: erp_admin
--

COPY public.inventory_inventorycategory (id, name, description) FROM stdin;
1	HAMMADDE	Raw Materials and Standard Parts
2	PROSES	Unfinished/Semi Products
3	MAMUL	Finished and Single Products
4	KARANTINA	Items needing decision
5	HURDA	Scrap items
6	TAKIMHANE	Tool storage
\.


--
-- Data for Name: inventory_inventorytransaction; Type: TABLE DATA; Schema: public; Owner: erp_admin
--

COPY public.inventory_inventorytransaction (id, quantity_change, transaction_type, transaction_date, notes, performed_by_id, verified_by_id, product_id, material_id, from_category_id, to_category_id, created_at, created_by_id, modified_at, modified_by_id, reference_id) FROM stdin;
\.


--
-- Data for Name: inventory_product; Type: TABLE DATA; Schema: public; Owner: erp_admin
--

COPY public.inventory_product (id, created_at, modified_at, product_code, product_name, product_type, description, current_stock, created_by_id, customer_id, modified_by_id, inventory_category_id) FROM stdin;
1	2025-02-18 05:20:50.354273+00	2025-02-18 05:20:50.354277+00	SP001	Basic Component A	SINGLE	Basic component for various assemblies	100	\N	\N	\N	1
3	2025-02-18 05:20:50.359916+00	2025-02-18 05:20:50.359918+00	MP001	Final Product C	MONTAGED	Complete assembled product	25	\N	\N	\N	3
4	2025-02-18 05:20:53.224958+00	2025-02-18 05:20:53.224961+00	02.BL.02.00	 2 G80 1.3541 580-700 HV10 Bilya	STANDARD_PART	DIN 5401	100	\N	\N	\N	1
5	2025-02-18 05:20:53.22815+00	2025-02-18 05:20:53.228153+00	02.BL.02.50	 2,5 Klik Bilyas G10	STANDARD_PART	DIN 5401	100	\N	\N	\N	1
6	2025-02-18 05:20:53.231174+00	2025-02-18 05:20:53.231176+00	02.BL.03.00	 3 Gez Yan Tambur Bilyas	STANDARD_PART	DIN 5401	100	\N	\N	\N	1
7	2025-02-18 05:20:53.233191+00	2025-02-18 05:20:53.233193+00	02.PM.EN.04.00x10.00	 4 X 10 mm entikli Pim	STANDARD_PART	DIN 1472	100	\N	\N	\N	1
9	2025-02-18 05:20:53.237108+00	2025-02-18 05:20:53.23711+00	02.PM.DZ.01.50X06.00	1,5 h8 KILITLEME KOLU N (dz)	STANDARD_PART	DIN 7	100	\N	\N	\N	1
10	2025-02-18 05:20:53.238826+00	2025-02-18 05:20:53.238827+00	02.PM.SP.01.50x10.00	 1,5 X 10 mm Spiral Pim	STANDARD_PART	DIN 7343	100	\N	\N	\N	1
11	2025-02-18 05:20:53.240634+00	2025-02-18 05:20:53.240636+00	02.PM.SP.02.00x12.00	 2 X 12 mm Spiral Pim	STANDARD_PART	DIN 7343	100	\N	\N	\N	1
12	2025-02-18 05:20:53.242409+00	2025-02-18 05:20:53.242411+00	02.PM.SP.02.50x14.00	 2.5 x 14 mm St Spiral Pim	STANDARD_PART	DIN 7343	100	\N	\N	\N	1
13	2025-02-18 05:20:53.243943+00	2025-02-18 05:20:53.243945+00	02.PM.YAR.01.50x08.00	 1,5 X 8 mm Yarkl Pim	STANDARD_PART	DIN 1481	100	\N	\N	\N	1
14	2025-02-18 05:20:53.245536+00	2025-02-18 05:20:53.245538+00	02.PM.YAR.01.50x10.00	 1,5 X 10 mm Yarkl Pim	STANDARD_PART	DIN 1481	100	\N	\N	\N	1
15	2025-02-18 05:20:53.247183+00	2025-02-18 05:20:53.247185+00	02.PM.YAR.01.50x12.00	 1.5 X 12 mm Yarkl Pim	STANDARD_PART	DIN 1481	100	\N	\N	\N	1
16	2025-02-18 05:20:53.249008+00	2025-02-18 05:20:53.249011+00	02.PM.YAR.01.50x14.00	 1,5 X 14 mm Yarkl Pim	STANDARD_PART	DIN 1481	100	\N	\N	\N	1
17	2025-02-18 05:20:53.250645+00	2025-02-18 05:20:53.250647+00	02.PM.YAR.02.00x12.00	 2 X 12 mm YARIKLI PM	STANDARD_PART	DIN 1481	100	\N	\N	\N	1
18	2025-02-18 05:20:53.252233+00	2025-02-18 05:20:53.252235+00	02.PM.YAR.02.00x16.00	 2 x 16 mm H8 A2 Yarkl Pim	STANDARD_PART	DIN 1481	100	\N	\N	\N	1
19	2025-02-18 05:20:53.25404+00	2025-02-18 05:20:53.254042+00	02.PM.YAR.02.50x10.00	 2,5 x 10 mm St Yarikli Pim	STANDARD_PART	DIN 1481	100	\N	\N	\N	1
20	2025-02-18 05:20:53.255982+00	2025-02-18 05:20:53.255984+00	02.PM.YAR.04.00x16.00	 4 x 16 mm St Yarikli Pim	STANDARD_PART	DIN 1481	100	\N	\N	\N	1
21	2025-02-18 05:20:53.257948+00	2025-02-18 05:20:53.25795+00	02.PUL.AN.05.20x10x0.5	5,2*10*0,5 anak Pul	STANDARD_PART	DIN 2093-A	100	\N	\N	\N	1
24	2025-02-18 05:20:53.263978+00	2025-02-18 05:20:53.263979+00	02.PUL.LAY.M4	M4X8X050 LAYNER PUL	STANDARD_PART	DIN 988	100	\N	\N	\N	1
25	2025-02-18 05:20:53.265843+00	2025-02-18 05:20:53.265846+00	02.PUL.TIR.M4	Trtll Rondela DIN 6798-V 4,3	STANDARD_PART	DIN 6798-V	100	\N	\N	\N	1
27	2025-02-18 05:20:53.26911+00	2025-02-18 05:20:53.269111+00	02.SEG.02.30	 2.3 A2 Segman	STANDARD_PART	DIN 6799	100	\N	\N	\N	1
28	2025-02-18 05:20:53.270849+00	2025-02-18 05:20:53.27085+00	02.SEG.05.00	ARPACIK ML SEGMANI - Q5 N	STANDARD_PART	DIN 471	100	\N	\N	\N	1
29	2025-02-18 05:20:53.272361+00	2025-02-18 05:20:53.272362+00	02.SEG.07.50	ELK TIRNAKLI SEGMAN - TALYAN 07.50X15.5X0.4	STANDARD_PART	-	100	\N	\N	\N	1
30	2025-02-18 05:20:53.274165+00	2025-02-18 05:20:53.274167+00	02.SEG.08.00	GEZ KULE SEGMANI - 8 LK	STANDARD_PART	DIN 471	100	\N	\N	\N	1
31	2025-02-18 05:20:53.275768+00	2025-02-18 05:20:53.27577+00	02.VD.M2.5X10	M2,5 X 10 mm A2 SETSKUR	STANDARD_PART	DIN 913	100	\N	\N	\N	1
33	2025-02-18 05:20:53.278914+00	2025-02-18 05:20:53.278916+00	02.VD.M4X06	M4 X 6 mm YAN AYAR KLK VDASI	STANDARD_PART	DIN 916	100	\N	\N	\N	1
34	2025-02-18 05:20:53.280654+00	2025-02-18 05:20:53.280656+00	02.VD.M4X08	M4 X 8 mm Vida	STANDARD_PART	DIN 965	100	\N	\N	\N	1
35	2025-02-18 05:20:53.282616+00	2025-02-18 05:20:53.282617+00	02.VD.M4X14	M4 X 14 mm INBUS	STANDARD_PART	DIN 912	100	\N	\N	\N	1
37	2025-02-18 05:20:53.286956+00	2025-02-18 05:20:53.286958+00	02.VD.M5X20	M5 X 20 mm INBUS HAVSA BALI	STANDARD_PART	DIN 7991	100	\N	\N	\N	1
8	2025-02-18 05:20:53.235076+00	2025-02-19 06:53:53.004875+00	02.PM.EN.04.00x20.00	 4 X 20 mm entikli Pim	STANDARD_PART	DIN 1472	2100	\N	\N	\N	1
40	2025-02-18 05:20:54+00	2025-02-18 09:13:13.72815+00	02.YAY00.40L05.50D01.70	KLK YAYI - GEZ N (kapsam 7)	STANDARD_PART	KAPSAM 07	100	\N	\N	\N	1
41	2025-02-18 05:20:54+00	2025-02-18 09:13:22.60097+00	02.YAY00.40L07.50D01.55	Arpack Ara Ayar Somunu Klik Yay	STANDARD_PART	KAPSAM 14	100	\N	\N	\N	1
42	2025-02-18 05:20:54+00	2025-02-18 09:13:30.840788+00	02.YAY00.40L08.00D01.70	Gez Kule Klik Yay (Kapsam 13)	STANDARD_PART	BLN-KCR5-A1-3.01.00.07 Gez Kule Bilya Yay_Rev0	100	\N	\N	\N	1
22	2025-02-18 05:20:53.260101+00	2025-02-18 09:14:32.097273+00	02.PUL.DZ.M3	M3 Dz Rondela	STANDARD_PART	DIN 125/A	181	\N	\N	\N	1
43	2025-02-18 05:20:54+00	2025-02-18 09:14:34.899185+00	02.YAY00.40L09.00D01.70	YAY - GEZ UCU KONUMLAMA DL N (kapsam 10)	STANDARD_PART	KAPSAM 10	100	\N	\N	\N	1
44	2025-02-18 05:20:54+00	2025-02-18 09:14:49.712061+00	02.YAY00.45L03.50D01.90	Pul Kilit Yay	STANDARD_PART	KAPSAM 26	100	\N	\N	\N	1
45	2025-02-18 05:20:54+00	2025-02-18 09:15:56.722568+00	02.YAY00.45L07.50D01.90	Gez Yan Tambur Klik Yay (Kapsam 16)	STANDARD_PART	KAPSAM 16	100	\N	\N	\N	1
46	2025-02-18 05:20:54+00	2025-02-18 09:16:05.874493+00	02.YAY00.45L11.00D01.40	KLK BLYASI YAYI (kapsam 8)	STANDARD_PART	KAPSAM 08	100	\N	\N	\N	1
47	2025-02-18 05:20:54+00	2025-02-18 09:16:17.38341+00	02.YAY00.50L05.10D01.50	0.50 BASMA YAY - KAPSAM27	STANDARD_PART	KAPSAM 27	100	\N	\N	\N	1
49	2025-02-18 05:20:54+00	2025-02-18 09:16:35.985806+00	02.YAY00.50L08.50D02.20	Kule Kilit Dili Yay (Kapsam 15)	STANDARD_PART	BLN-KCR5-A1-3.01.00.10 Gez Kilit Dili Yay_Rev0	100	\N	\N	\N	1
50	2025-02-18 05:20:54+00	2025-02-18 09:16:45.253017+00	02.YAY00.50L13.50D02.20	Gez Ucu Bask Yay (Kapsam 4)	STANDARD_PART	BLN-KCR5-A1-3.01.00.14 Gez Kule Yay_Rev0	100	\N	\N	\N	1
51	2025-02-18 05:20:54+00	2025-02-18 09:16:52.560323+00	02.YAY00.50L22.00D02.30	GEZ YAYI (kapsam 6)	STANDARD_PART	KAPSAM 06	100	\N	\N	\N	1
52	2025-02-18 05:20:54+00	2025-02-18 09:16:58.635333+00	02.YAY00.55L25.40D03.80	BASKI YAYI - ARPACIK KLD N (kapsam 3)	STANDARD_PART	KAPSAM 03	100	\N	\N	\N	1
53	2025-02-18 05:20:54+00	2025-02-18 09:17:06.228764+00	02.YAY00.60L05.50D05.95	YAY - GEZ YAN AYAR TAMBURU N (kapsam 20)	STANDARD_PART	KAPSAM 20	100	\N	\N	\N	1
54	2025-02-18 05:20:54+00	2025-02-18 09:17:15.476825+00	02.YAY00.60L07.50D05.25	Arpack Klik Yay	STANDARD_PART	KAPSAM 25	100	\N	\N	\N	1
39	2025-02-18 05:20:54+00	2025-02-20 14:23:35.372704+00	02.VD.M2.5X05	M2	STANDARD_PART	A6-	100	\N	\N	\N	1
23	2025-02-18 05:20:53.262217+00	2025-02-18 13:57:42.301429+00	02.PUL.DZ.M4	M4 Pul	STANDARD_PART	DIN 125/A	1740	\N	\N	\N	1
36	2025-02-18 05:20:53.284875+00	2025-02-18 13:58:29.87233+00	02.VD.M4X30	M4 X 30 mm GEZ - ARPACIK SIKMA VDASI	STANDARD_PART	DIN 2076	6450	\N	\N	\N	1
32	2025-02-18 05:20:53.277419+00	2025-02-19 06:52:26.62569+00	02.VD.M3X05	M3 x 5 mm A2 mbus Vida	STANDARD_PART	DIN 7984	4362	\N	\N	\N	1
26	2025-02-18 05:20:53.267345+00	2025-02-19 06:57:38.293971+00	02.PUL.YAY.03.50x6.7X0.8	 3.5 x 0.8 mm A2 Pul	STANDARD_PART	DIN 127	10507	\N	\N	\N	1
57	2025-02-18 05:20:54.692768+00	2025-02-18 05:20:54.69277+00	03.0.00.0035.00.00.00	KCR556 739 Gez Kaml Tambur	SEMI	\N	100	\N	\N	\N	2
58	2025-02-18 05:20:54.694843+00	2025-02-18 05:20:54.694846+00	03.0.01.0002.00.00.00	GEZ TAMBURU KADESi	SEMI	A6-177	100	\N	\N	\N	2
59	2025-02-18 05:20:54.696999+00	2025-02-18 05:20:54.697002+00	03.0.01.0003.00.00.00	GEZ TAMBURU	SEMI	A6-178	100	\N	\N	\N	2
60	2025-02-18 05:20:54.699182+00	2025-02-18 05:20:54.699185+00	03.0.01.0004.00.00.00	GEZ UCU	SEMI	A6-180	100	\N	\N	\N	2
61	2025-02-18 05:20:54.70128+00	2025-02-18 05:20:54.701282+00	03.0.01.0006.00.00.00	YKSEKLK AYAR PARASI	SEMI	A6-183	100	\N	\N	\N	2
62	2025-02-18 05:20:54.703675+00	2025-02-18 05:20:54.703676+00	03.0.01.0008.00.00.00	YAN AYAR TAMBURU - GEZ N	SEMI	A6-185	100	\N	\N	\N	2
63	2025-02-18 05:20:54.705661+00	2025-02-18 05:20:54.705663+00	03.0.01.0009.00.00.00	KONUMLAMA YKS - GEZ N	SEMI	A6-186	100	\N	\N	\N	2
64	2025-02-18 05:20:54.707568+00	2025-02-18 05:20:54.70757+00	03.0.01.0010.00.00.00	YAN AYAR YKSK KAPAI - GEZ N	SEMI	A6-187	100	\N	\N	\N	2
65	2025-02-18 05:20:54.709695+00	2025-02-18 05:20:54.709697+00	03.0.01.0011.00.00.00	YAN AYAR VDASI - GEZ N	SEMI	A6-188	100	\N	\N	\N	2
66	2025-02-18 05:20:54.712432+00	2025-02-18 05:20:54.712434+00	03.0.01.0014.00.00.00	ALT KADE - GEZ N	SEMI	A6-193	100	\N	\N	\N	2
67	2025-02-18 05:20:54.71493+00	2025-02-18 05:20:54.714932+00	03.0.01.0015.00.00.00	KLT PABUCU - GEZ N	SEMI	A6-194	100	\N	\N	\N	2
68	2025-02-18 05:20:54.717196+00	2025-02-18 05:20:54.717197+00	03.0.01.0016.00.00.00	BALAMA VDASI - GEZ N	SEMI	A6-195	100	\N	\N	\N	2
69	2025-02-18 05:20:54.719722+00	2025-02-18 05:20:54.719724+00	03.0.01.0017.00.00.00	KONUM PARASI - GEZ N	SEMI	A6-197	100	\N	\N	\N	2
70	2025-02-18 05:20:54.722169+00	2025-02-18 05:20:54.722171+00	03.0.02.0001.00.00.00	ARPACIK HAML - KADES	SEMI	\N	100	\N	\N	\N	2
71	2025-02-18 05:20:54.724723+00	2025-02-18 05:20:54.724725+00	03.0.02.0002.00.00.00	ARPACIK KLD	SEMI	\N	100	\N	\N	\N	2
72	2025-02-18 05:20:54.727623+00	2025-02-18 05:20:54.727625+00	03.0.02.0003.00.00.00	ARPACIK YAY KAPAI	SEMI	\N	100	\N	\N	\N	2
73	2025-02-18 05:20:54.729971+00	2025-02-18 05:20:54.729974+00	03.0.02.0004.00.00.00	ARPACIK	SEMI	\N	100	\N	\N	\N	2
74	2025-02-18 05:20:54.732472+00	2025-02-18 05:20:54.732475+00	03.0.02.0005.00.00.00	KADEMEL PM	SEMI	A6-205	100	\N	\N	\N	2
75	2025-02-18 05:20:54.734806+00	2025-02-18 05:20:54.734809+00	03.0.02.0006.00.00.00	SABTLEME PM	SEMI	K6-207	100	\N	\N	\N	2
76	2025-02-18 05:20:54.73701+00	2025-02-18 05:20:54.737013+00	03.0.03.0001.00.00.00	Gez Kaide	SEMI	\N	100	\N	\N	\N	2
77	2025-02-18 05:20:54.739117+00	2025-02-18 05:20:54.739119+00	03.0.03.0002.00.00.00	Gez Yan Ayar Vidas	SEMI	\N	100	\N	\N	\N	2
78	2025-02-18 05:20:54.741231+00	2025-02-18 05:20:54.741235+00	03.0.03.0003.00.00.00	Kilit Dili	SEMI	\N	100	\N	\N	\N	2
79	2025-02-18 05:20:54.74353+00	2025-02-18 05:20:54.743532+00	03.0.03.0004.00.00.00	Pabu	SEMI	\N	100	\N	\N	\N	2
80	2025-02-18 05:20:54.746227+00	2025-02-18 05:20:54.746229+00	03.0.03.0005.00.00.00	Gez Yan Tambur	SEMI	\N	100	\N	\N	\N	2
81	2025-02-18 05:20:54.748522+00	2025-02-18 05:20:54.748524+00	03.0.03.0011.00.00.00	Kule	SEMI	\N	100	\N	\N	\N	2
82	2025-02-18 05:20:54.750676+00	2025-02-18 05:20:54.750678+00	03.0.03.0012.00.00.00	Gez Kaml Tambur	SEMI	\N	100	\N	\N	\N	2
83	2025-02-18 05:20:54.752807+00	2025-02-18 05:20:54.752808+00	03.0.03.0013.00.00.00	Gez Ucu	SEMI	\N	100	\N	\N	\N	2
84	2025-02-18 05:20:54.754696+00	2025-02-18 05:20:54.754698+00	03.0.04.0001.00.00.00	Arpack Kaide	SEMI	\N	100	\N	\N	\N	2
85	2025-02-18 05:20:54.756821+00	2025-02-18 05:20:54.756823+00	03.0.04.0002.00.00.00	Arpack Mil	SEMI	\N	100	\N	\N	\N	2
86	2025-02-18 05:20:54.758729+00	2025-02-18 05:20:54.758731+00	03.0.04.0004.00.00.00	Arpack Kule	SEMI	\N	100	\N	\N	\N	2
87	2025-02-18 05:20:54.76095+00	2025-02-18 05:20:54.760952+00	03.0.04.0005.00.00.00	Arpack Ucu	SEMI	\N	100	\N	\N	\N	2
88	2025-02-18 05:20:54.762833+00	2025-02-18 05:20:54.762835+00	03.0.04.0006.00.00.00	Arpack Ara Ayar Somunu	SEMI	\N	100	\N	\N	\N	2
89	2025-02-18 05:20:54.764956+00	2025-02-18 05:20:54.764958+00	03.0.04.0007.00.00.00	Arpack Ara Ayar Somunu Pimi	SEMI	\N	100	\N	\N	\N	2
90	2025-02-18 05:20:54.766975+00	2025-02-18 05:20:54.766976+00	03.0.05.0001.00.00.00	GEZ KULE KADE	SEMI	\N	100	\N	\N	\N	2
91	2025-02-18 05:20:54.769481+00	2025-02-18 05:20:54.769484+00	03.0.05.0002.00.00.00	GEZ UCU	SEMI	\N	100	\N	\N	\N	2
92	2025-02-18 05:20:54.77191+00	2025-02-18 05:20:54.771913+00	03.0.05.0003.00.00.00	GEZ UCU KONUMLAMA DL	SEMI	\N	100	\N	\N	\N	2
93	2025-02-18 05:20:54.774205+00	2025-02-18 05:20:54.774207+00	03.0.05.0005.00.00.00	YAN AYAR TAMBURU	SEMI	\N	100	\N	\N	\N	2
94	2025-02-18 05:20:54.77663+00	2025-02-18 05:20:54.776632+00	03.0.05.0006.00.00.00	GEZ YAN AYAR VDA SOMUNU	SEMI	\N	100	\N	\N	\N	2
95	2025-02-18 05:20:54.778865+00	2025-02-18 05:20:54.778866+00	03.0.05.0008.00.00.00	GEZ YAN AYAR VDASI	SEMI	\N	100	\N	\N	\N	2
96	2025-02-18 05:20:54.781153+00	2025-02-18 05:20:54.781156+00	03.0.05.0010.00.00.00	GEZ -  ARPACIK KADE	SEMI	\N	100	\N	\N	\N	2
97	2025-02-18 05:20:54.783204+00	2025-02-18 05:20:54.783206+00	03.0.05.0011.00.00.00	GEZ - ARPACIK KADE ML	SEMI	\N	100	\N	\N	\N	2
98	2025-02-18 05:20:54.785121+00	2025-02-18 05:20:54.785123+00	03.0.05.0012.00.00.00	GEZ - ARPACIK KULE KAIDE KLT DL	SEMI	\N	100	\N	\N	\N	2
99	2025-02-18 05:20:54.787047+00	2025-02-18 05:20:54.787049+00	03.0.05.0014.00.00.00	GEZ - ARPACIK SIKMA VDASI M4X30	SEMI	SP	100	\N	\N	\N	2
100	2025-02-18 05:20:54.789014+00	2025-02-18 05:20:54.789016+00	03.0.05.0015.00.00.00	GEZ - ARPACIK KADE PABU	SEMI	\N	100	\N	\N	\N	2
101	2025-02-18 05:20:54.790805+00	2025-02-18 05:20:54.790806+00	03.0.06.0001.00.00.00	ARPACIK KULE KADE	SEMI	\N	100	\N	\N	\N	2
102	2025-02-18 05:20:54.792535+00	2025-02-18 05:20:54.792537+00	03.0.06.0002.00.00.00	ARPACIK UCU	SEMI	\N	100	\N	\N	\N	2
103	2025-02-18 05:20:54.794476+00	2025-02-18 05:20:54.794478+00	03.0.07.0001.00.00.00	Balant Bacaklar	SEMI	1101167	100	\N	\N	\N	2
104	2025-02-18 05:20:54.796095+00	2025-02-18 05:20:54.796096+00	03.0.07.0002.00.00.00	Balant Baca Insert	SEMI	1101185	100	\N	\N	\N	2
105	2025-02-18 05:20:54.797723+00	2025-02-18 05:20:54.797725+00	03.0.07.0003.00.00.00	Niangah Hamili	SEMI	1101168	100	\N	\N	\N	2
106	2025-02-18 05:20:54.799748+00	2025-02-18 05:20:54.79975+00	03.0.07.0005.00.00.00	Niangah Hamili Konum Pulu	SEMI	1101170	100	\N	\N	\N	2
107	2025-02-18 05:20:54.801931+00	2025-02-18 05:20:54.801932+00	03.0.07.0006.00.00.00	Niangah Hamili Yan Ayar Mil Yata	SEMI	1101171	100	\N	\N	\N	2
108	2025-02-18 05:20:54.804098+00	2025-02-18 05:20:54.804099+00	03.0.07.0008.00.00.00	Gez	SEMI	1101173	100	\N	\N	\N	2
109	2025-02-18 05:20:54.80594+00	2025-02-18 05:20:54.805942+00	03.0.07.0009.00.00.00	Arpack Hamili	SEMI	1101174	100	\N	\N	\N	2
110	2025-02-18 05:20:54.807718+00	2025-02-18 05:20:54.807719+00	03.0.07.0010.00.00.00	Arpack Ucu	SEMI	1101175	100	\N	\N	\N	2
111	2025-02-18 05:20:54.809994+00	2025-02-18 05:20:54.809996+00	03.0.07.0012.00.00.00	Kilit Pimi	SEMI	1101177	100	\N	\N	\N	2
112	2025-02-18 05:20:54.812312+00	2025-02-18 05:20:54.812314+00	03.0.07.0013.00.00.00	Klik Pulu	SEMI	1101178	100	\N	\N	\N	2
113	2025-02-18 05:20:54.814259+00	2025-02-18 05:20:54.814261+00	03.0.07.0015.00.00.00	Ykseli Ayar Vidas	SEMI	1101180	100	\N	\N	\N	2
114	2025-02-18 05:20:54.816286+00	2025-02-18 05:20:54.816287+00	03.0.07.0016.00.00.00	Dayama Makaras	SEMI	1101181	100	\N	\N	\N	2
115	2025-02-18 05:20:54.818203+00	2025-02-18 05:20:54.818204+00	03.0.07.0017.00.00.00	Dayama Pimi	SEMI	1101182	100	\N	\N	\N	2
116	2025-02-18 05:20:54.820028+00	2025-02-18 05:20:54.82003+00	03.0.07.0019.00.00.00	Gez Yan Ayar Mili	SEMI	1101184	100	\N	\N	\N	2
117	2025-02-18 05:20:54.821596+00	2025-02-18 05:20:54.821598+00	03.0.07.0021.00.00.00	Arpack Pimi	SEMI	1101186	100	\N	\N	\N	2
118	2025-02-18 05:20:54.823247+00	2025-02-18 05:20:54.823248+00	03.0.13.0001.00.00.00	Alt Mekanizma Gvdesi	SEMI	KMG5-A04-03-01_9	100	\N	\N	\N	2
56	2025-02-18 05:20:54+00	2025-02-18 09:17:39.470045+00	02.YAY01.60L15.20D11.80	Niangah Hamili Konum Yay	STANDARD_PART	KAPSAM 35	100	\N	\N	\N	1
119	2025-02-18 05:20:54.824925+00	2025-02-18 05:20:54.824926+00	03.0.13.0002.00.00.00	Piston Mili	SEMI	\N	100	\N	\N	\N	2
127	2025-02-18 05:20:54.841627+00	2025-02-18 05:20:54.841629+00	03.0.15.0008.00.00.00	Ykseklik Ayar Somunu	SEMI	\N	100	\N	\N	\N	2
128	2025-02-18 05:20:54.843475+00	2025-02-18 05:20:54.843477+00	03.0.16.0001.00.00.00	Kaide	SEMI	\N	100	\N	\N	\N	2
129	2025-02-18 05:20:54.845668+00	2025-02-18 05:20:54.84567+00	03.0.16.0002.00.00.00	Kule	SEMI	\N	100	\N	\N	\N	2
130	2025-02-18 05:20:54.848019+00	2025-02-18 05:20:54.848021+00	03.0.16.0003.00.00.00	Ykseli Tamburu	SEMI	\N	100	\N	\N	\N	2
131	2025-02-18 05:20:54.850168+00	2025-02-18 05:20:54.850169+00	03.0.16.0004.00.00.00	Gez Ucu	SEMI	\N	100	\N	\N	\N	2
132	2025-02-18 05:20:54.851821+00	2025-02-18 05:20:54.851822+00	03.0.16.0005.00.00.00	Yan Ayar Vidas	SEMI	\N	100	\N	\N	\N	2
133	2025-02-18 05:20:54.853448+00	2025-02-18 05:20:54.85345+00	03.0.16.0006.00.00.00	Yan Ayar Tamburu	SEMI	\N	100	\N	\N	\N	2
134	2025-02-18 05:20:54.854987+00	2025-02-18 05:20:54.854989+00	03.0.16.0007.00.00.00	Gez Yan Tambur	SEMI	\N	100	\N	\N	\N	2
135	2025-02-18 05:20:54.856883+00	2025-02-18 05:20:54.856884+00	03.0.16.0008.00.00.00	Pabu	SEMI	\N	100	\N	\N	\N	2
136	2025-02-18 05:20:54.858643+00	2025-02-18 05:20:54.858645+00	03.0.17.0001.00.00.00	Kaide	SEMI	\N	100	\N	\N	\N	2
137	2025-02-18 05:20:54.860296+00	2025-02-18 05:20:54.860297+00	03.0.17.0002.00.00.00	Kule	SEMI	\N	100	\N	\N	\N	2
138	2025-02-18 05:20:54.861984+00	2025-02-18 05:20:54.861986+00	03.0.17.0004.00.00.00	Arpack Ucu	SEMI	\N	100	\N	\N	\N	2
139	2025-02-18 05:20:54.863858+00	2025-02-18 05:20:54.86386+00	03.0.18.0001.00.00.00	Gece Arpac	SEMI	\N	100	\N	\N	\N	2
140	2025-02-18 05:20:54.865691+00	2025-02-18 05:20:54.865692+00	03.0.18.0002.00.00.00	Gece Arpac Vidas	SEMI	\N	100	\N	\N	\N	2
141	2025-02-18 05:20:54.867445+00	2025-02-18 05:20:54.867446+00	03.0.18.0007.00.00.00	Tama Kolu	SEMI	\N	100	\N	\N	\N	2
142	2025-02-18 05:20:54.869209+00	2025-02-18 05:20:54.86921+00	03.0.18.0008.00.00.00	Tahdit Pimi	SEMI	\N	100	\N	\N	\N	2
143	2025-02-18 05:20:54.871008+00	2025-02-18 05:20:54.871009+00	03.0.18.0009.00.00.00	Kilit Skma Sac	SEMI	\N	100	\N	\N	\N	2
144	2025-02-18 05:20:54.872904+00	2025-02-18 05:20:54.872906+00	03.0.18.0010.00.00.00	Eksantrik Kilit Arka / Sa	SEMI	\N	100	\N	\N	\N	2
145	2025-02-18 05:20:54.87513+00	2025-02-18 05:20:54.875131+00	03.0.18.0011.00.00.00	Eksantrik Kilit n / Sol	SEMI	\N	100	\N	\N	\N	2
146	2025-02-18 05:20:54.87757+00	2025-02-18 05:20:54.877572+00	03.0.18.0012.00.00.00	Kilit Burcu	SEMI	\N	100	\N	\N	\N	2
147	2025-02-18 05:20:54.879363+00	2025-02-18 05:20:54.879364+00	03.0.18.0013.00.00.00	Kilitleme Kolu	SEMI	\N	100	\N	\N	\N	2
148	2025-02-18 05:20:54.881223+00	2025-02-18 05:20:54.881224+00	03.0.18.0016.00.00.00	Gece Gezi	SEMI	\N	100	\N	\N	\N	2
149	2025-02-18 05:20:54.88303+00	2025-02-18 05:20:54.883032+00	03.0.18.0017.00.00.00	Gece Gezi Ayar Vidas	SEMI	\N	100	\N	\N	\N	2
150	2025-02-18 05:20:54.884946+00	2025-02-18 05:20:54.884948+00	03.0.19.0001.00.00.00	Gez Yan Tambur L-R\t	SEMI	 BLN-KCR5-A1-3.01.00.05 GEZ YAN TAMBUR_Rev2	100	\N	\N	\N	2
151	2025-02-18 05:20:54.886941+00	2025-02-18 05:20:54.886942+00	03.0.20.0001.00.00.00	Arpack Kaide	SEMI	\N	100	\N	\N	\N	2
152	2025-02-18 05:20:54.888786+00	2025-02-18 05:20:54.888788+00	03.0.20.0002.00.00.00	Arpack Yan Ayar Vidas	SEMI	\N	100	\N	\N	\N	2
153	2025-02-18 05:20:54.890291+00	2025-02-18 05:20:54.890292+00	03.0.20.0003.00.00.00	Arpack Ayar Vidas Pulu	SEMI	\N	100	\N	\N	\N	2
154	2025-02-18 05:20:54.891996+00	2025-02-18 05:20:54.891997+00	03.0.20.0004.00.00.00	Arpack Sabitleme Pabucu	SEMI	\N	100	\N	\N	\N	2
155	2025-02-18 05:20:54.893786+00	2025-02-18 05:20:54.893787+00	03.0.20.0005.00.00.00	Arpack Ayar Pimi	SEMI	\N	100	\N	\N	\N	2
156	2025-02-18 05:20:54.895354+00	2025-02-18 05:20:54.895356+00	03.0.20.0006.00.00.00	Arpack Kule	SEMI	\N	100	\N	\N	\N	2
157	2025-02-18 05:20:54.897073+00	2025-02-18 05:20:54.897074+00	03.0.20.0007.00.00.00	Arpack Ucu	SEMI	\N	100	\N	\N	\N	2
158	2025-02-18 05:20:54.89896+00	2025-02-18 05:20:54.898962+00	03.0.20.0008.00.00.00	Ykseklik Ayar Somunu	SEMI	\N	100	\N	\N	\N	2
159	2025-02-18 05:20:54.900737+00	2025-02-18 05:20:54.900738+00	03.0.22.0001.00.00.00	Alt Mekanizma Gvdesi	SEMI	Bize ait olmayan para	100	\N	\N	\N	2
160	2025-02-18 05:20:54.902433+00	2025-02-18 05:20:54.902434+00	03.0.25.0001.00.00.00	Gez Kule (L-R)	SEMI	\N	100	\N	\N	\N	2
162	2025-02-18 05:20:56.209424+00	2025-02-18 05:20:56.209427+00	03.0.00.0001.00.00.00	MPT NAMLU BALAMA SOMUNU	SINGLE	\N	100	\N	\N	\N	3
163	2025-02-18 05:20:56.212769+00	2025-02-18 05:20:56.212771+00	03.0.00.0002.00.00.00	KCR NAMLU BALAMA SOMUNU	SINGLE	\N	100	\N	\N	\N	3
164	2025-02-18 05:20:56.215541+00	2025-02-18 05:20:56.215543+00	03.0.00.0003.00.00.00	KCR DPK TP BALAMA SOMUNU	SINGLE	\N	100	\N	\N	\N	3
165	2025-02-18 05:20:56.217867+00	2025-02-18 05:20:56.217869+00	03.0.00.0004.00.00.00	KGL GVDE	SINGLE	\N	100	\N	\N	\N	3
166	2025-02-18 05:20:56.219865+00	2025-02-18 05:20:56.219867+00	03.0.00.0004.14.00.00	KGL GVDE	SINGLE	\N	100	\N	\N	\N	3
167	2025-02-18 05:20:56.221599+00	2025-02-18 05:20:56.2216+00	03.0.00.0005.00.00.00	OBA Tetik Tertibat Hamili	SINGLE	\N	100	\N	\N	\N	3
168	2025-02-18 05:20:56.22329+00	2025-02-18 05:20:56.223292+00	03.0.00.0005.0B.00.00	OBA TETK TERTBATI HAML YERL	SINGLE	\N	100	\N	\N	\N	3
169	2025-02-18 05:20:56.225134+00	2025-02-18 05:20:56.225136+00	03.0.00.0006.00.00.00	KCR556 QD KLT DL	SINGLE	\N	100	\N	\N	\N	3
170	2025-02-18 05:20:56.226695+00	2025-02-18 05:20:56.226697+00	03.0.00.0007.00.00.00	KCR556 QD KLT	SINGLE	\N	100	\N	\N	\N	3
171	2025-02-18 05:20:56.228589+00	2025-02-18 05:20:56.228591+00	03.0.00.0008.00.00.00	KCR556 BASTIRICI KAPAK	SINGLE	\N	100	\N	\N	\N	3
172	2025-02-18 05:20:56.230104+00	2025-02-18 05:20:56.230106+00	03.0.00.0010.00.00.00	PASLANMAZ ZEL VDA MALATI	SINGLE	\N	100	\N	\N	\N	3
173	2025-02-18 05:20:56.231832+00	2025-02-18 05:20:56.231834+00	03.0.00.0011.00.00.00	RULMAN DAYAMASI	SINGLE	\N	100	\N	\N	\N	3
174	2025-02-18 05:20:56.233591+00	2025-02-18 05:20:56.233593+00	03.0.00.0012.00.00.00	DIS_BAGLAMA_PIMI_r0	SINGLE	\N	100	\N	\N	\N	3
175	2025-02-18 05:20:56.235306+00	2025-02-18 05:20:56.235308+00	03.0.00.0013.00.00.00	IC_MANDAL_PIMI_r0	SINGLE	\N	100	\N	\N	\N	3
176	2025-02-18 05:20:56.23702+00	2025-02-18 05:20:56.237021+00	03.0.00.0014.00.00.00	UZUN_ARA_PIM_r0	SINGLE	\N	100	\N	\N	\N	3
177	2025-02-18 05:20:56.238777+00	2025-02-18 05:20:56.238778+00	03.0.00.0015.00.00.00	KISA_ARA_PIM_r0	SINGLE	\N	100	\N	\N	\N	3
178	2025-02-18 05:20:56.24067+00	2025-02-18 05:20:56.240672+00	03.0.00.0016.00.00.00	BAGLANTI_SILINDIRI_r0	SINGLE	\N	100	\N	\N	\N	3
179	2025-02-18 05:20:56.242847+00	2025-02-18 05:20:56.242849+00	03.0.00.0017.00.00.00	KGL 38 GVDE	SINGLE	\N	100	\N	\N	\N	3
180	2025-02-18 05:20:56.245322+00	2025-02-18 05:20:56.245324+00	03.0.00.0017.01.00.00	KGL 38 GVDE V2	SINGLE	\N	100	\N	\N	\N	3
181	2025-02-18 05:20:56.247362+00	2025-02-18 05:20:56.247363+00	03.0.00.0018.00.00.00	KGL 38 Balant Baca	SINGLE	\N	100	\N	\N	\N	3
182	2025-02-18 05:20:56.249043+00	2025-02-18 05:20:56.249044+00	03.0.00.0019.00.00.00	CAR816 El Kunda Alt	SINGLE	\N	1440	\N	\N	\N	3
183	2025-02-18 05:20:56.250575+00	2025-02-18 05:20:56.250576+00	03.0.00.0019.01.00.00	CAR816 El Kunda Alt	SINGLE	\N	100	\N	\N	\N	3
184	2025-02-18 05:20:56.252205+00	2025-02-18 05:20:56.252207+00	03.0.00.0020.00.00.00	CAR816 El Kunda st	SINGLE	\N	1854	\N	\N	\N	3
125	2025-02-18 05:20:54.837888+00	2025-02-18 13:30:22.608797+00	03.0.15.0006.00.00.00	Kule	SEMI		1080	\N	\N	\N	2
121	2025-02-18 05:20:54.830137+00	2025-02-18 13:56:52.722444+00	03.0.15.0002.00.00.00	Yan Ayar Vidas	SEMI		800	\N	\N	\N	2
122	2025-02-18 05:20:54.832059+00	2025-02-18 14:04:06.623976+00	03.0.15.0003.00.00.00	Arpack Ayar Vidas Pulu	SEMI		1040	\N	\N	\N	2
126	2025-02-18 05:20:54.839743+00	2025-02-18 14:04:28.75033+00	03.0.15.0007.00.00.00	Arpack Ucu	SEMI		1000	\N	\N	\N	2
124	2025-02-18 05:20:54.836125+00	2025-02-18 14:04:53.401713+00	03.0.15.0005.00.00.00	Arpack Ayar Pimi	SEMI		1500	\N	\N	\N	2
161	2025-02-18 05:20:54+00	2025-02-19 08:04:56.726655+00	03.1.13.0000.00.00.00	KMG16" - Alt Mekanizma Piston Mili Komplesi	MONTAGED		100	\N	\N	\N	3
185	2025-02-18 05:20:56.253913+00	2025-02-18 05:20:56.253914+00	03.0.00.0020.01.00.00	CAR816 El Kunda st	SINGLE	\N	100	\N	\N	\N	3
186	2025-02-18 05:20:56.255521+00	2025-02-18 05:20:56.255523+00	03.0.00.0021.00.00.00	CAR816 GAZ PSTON HAML	SINGLE	\N	100	\N	\N	\N	3
187	2025-02-18 05:20:56.257004+00	2025-02-18 05:20:56.257006+00	03.0.00.0021.01.00.00	CAR816 GAZ PSTON HAML	SINGLE	\N	100	\N	\N	\N	3
188	2025-02-18 05:20:56.258742+00	2025-02-18 05:20:56.258744+00	03.0.00.0022.00.00.00	OBA Tetik Tertibat Hamili	SINGLE	\N	100	\N	\N	\N	3
189	2025-02-18 05:20:56.260577+00	2025-02-18 05:20:56.260579+00	03.0.00.0023.00.00.00	OBA Sandk Tertibat Tetik Tutucu	SINGLE	\N	100	\N	\N	\N	3
190	2025-02-18 05:20:56.262552+00	2025-02-18 05:20:56.262554+00	03.0.00.0024.00.00.00	OBA Kilit Levhas Gvdesi	SINGLE	\N	100	\N	\N	\N	3
191	2025-02-18 05:20:56.264545+00	2025-02-18 05:20:56.264548+00	03.0.00.0025.00.00.00	OBA  D Kzak	SINGLE	\N	100	\N	\N	\N	3
192	2025-02-18 05:20:56.266086+00	2025-02-18 05:20:56.266088+00	03.0.00.0026.00.00.00	OBA Yay Hamili	SINGLE	MKI ve teknik resim yok	100	\N	\N	\N	3
193	2025-02-18 05:20:56.267685+00	2025-02-18 05:20:56.267687+00	03.0.00.0027.00.00.00	OBA Kzak	SINGLE		100	\N	\N	\N	3
194	2025-02-18 05:20:56.269337+00	2025-02-18 05:20:56.269338+00	03.0.00.0028.00.00.00	OBA Mhimmat Besleme Yata	SINGLE		100	\N	\N	\N	3
195	2025-02-18 05:20:56.27103+00	2025-02-18 05:20:56.271032+00	03.0.00.0029.00.00.00	OBA Mekanizma (A2)	SINGLE	\N	100	\N	\N	\N	3
196	2025-02-18 05:20:56.272659+00	2025-02-18 05:20:56.272661+00	03.0.00.0030.00.00.00	OBA Sandk st Kapa Gvdesi	SINGLE	\N	100	\N	\N	\N	3
197	2025-02-18 05:20:56.274179+00	2025-02-18 05:20:56.274181+00	03.0.00.0031.00.00.00	M7_209060_10050002 GEZ 	SINGLE	\N	100	\N	\N	\N	3
198	2025-02-18 05:20:56.27582+00	2025-02-18 05:20:56.275821+00	03.0.00.0032.00.00.00	OBA Ateleme nesi Kilit Mandal	SINGLE	\N	100	\N	\N	\N	3
199	2025-02-18 05:20:56.277298+00	2025-02-18 05:20:56.277299+00	03.0.00.0033.00.00.00	OBA Trnak Sa	SINGLE	\N	100	\N	\N	\N	3
200	2025-02-18 05:20:56.278809+00	2025-02-18 05:20:56.278811+00	03.0.00.0034.00.00.00	OBA Trnak Sol	SINGLE	\N	100	\N	\N	\N	3
201	2025-02-18 05:20:56.281543+00	2025-02-18 05:20:56.281544+00	03.0.00.0036.00.00.00	Piston Prob	SINGLE	\N	100	\N	\N	\N	3
202	2025-02-18 05:20:56.283186+00	2025-02-18 05:20:56.283187+00	03.0.10.0001.00.00.00	KMG5-P405 - UST_MEKANIZMA_GOVDESI	SINGLE	\N	100	\N	\N	\N	3
203	2025-02-18 05:20:56.284849+00	2025-02-18 05:20:56.28485+00	03.0.10.0001.01.00.00	KMG5 MK - P405 st Mekanizma Gvdesi	SINGLE	\N	100	\N	\N	\N	3
204	2025-02-18 05:20:56.286792+00	2025-02-18 05:20:56.286794+00	03.0.12.0001.00.00.00	KMG5 P301 st Kapak	SINGLE	\N	100	\N	\N	\N	3
205	2025-02-18 05:20:56.288821+00	2025-02-18 05:20:56.288823+00	03.0.12.0004.00.00.00	KMG5 P304 Kapak Kilidi	SINGLE	\N	100	\N	\N	\N	3
206	2025-02-18 05:20:56.290786+00	2025-02-18 05:20:56.290787+00	03.0.12.0020.00.00.00	KMG5 BK - P320 Besleme Manivelas	SINGLE	\N	100	\N	\N	\N	3
207	2025-02-18 05:20:57.551201+00	2025-02-18 05:20:57.551206+00	03.0.13.0001.01.00.00	Alt Mekanizma Gvdesi_Rev.1	MONTAGED	\N	100	\N	1	\N	3
208	2025-02-18 05:20:57.554954+00	2025-02-18 05:20:57.554956+00	03.0.13.0002.01.00.00	Piston Mili_Rev.1	MONTAGED	\N	100	\N	1	\N	3
209	2025-02-18 05:20:57.557248+00	2025-02-18 05:20:57.557249+00	03.1.01.0000.00.00.00	MPT 76-GEZ KOMPLES	MONTAGED	\N	100	\N	1	\N	3
210	2025-02-18 05:20:57.559232+00	2025-02-18 05:20:57.559234+00	03.1.02.0000.00.00.00	MPT 76-ARPACIK KOMPLES	MONTAGED	\N	100	\N	1	\N	3
211	2025-02-18 05:20:57.561708+00	2025-02-18 05:20:57.56171+00	03.1.03.0000.00.00.00	KCR556 11"-14,5"  GEZ KOMPLES	MONTAGED	\N	100	\N	1	\N	3
212	2025-02-18 05:20:57.563335+00	2025-02-18 05:20:57.563336+00	03.1.04.0000.00.00.00	KCR556-11"-14,5" ARPACIK KOMPLES	MONTAGED	\N	100	\N	1	\N	3
213	2025-02-18 05:20:57.565445+00	2025-02-18 05:20:57.565447+00	03.1.05.0000.00.00.00	KCR556-7,5" GEZ KOMPLES	MONTAGED	\N	100	\N	1	\N	3
214	2025-02-18 05:20:57.567258+00	2025-02-18 05:20:57.56726+00	03.1.06.0000.00.00.00	KCR556-7,5" ARPACIK KOMPLES	MONTAGED	\N	100	\N	1	\N	3
215	2025-02-18 05:20:57.568941+00	2025-02-18 05:20:57.568943+00	03.1.07.0000.00.00.00	KGL 40 - NANGAH KOMPLES	MONTAGED	\N	100	\N	1	\N	3
216	2025-02-18 05:20:57.570475+00	2025-02-18 05:20:57.570477+00	03.1.08.0000.00.00.00	KMG5 16" MEKANZMA GRUBU KOMPLES	MONTAGED	\N	100	\N	1	\N	3
217	2025-02-18 05:20:57.572118+00	2025-02-18 05:20:57.57212+00	03.1.09.0000.00.00.00	KMG5 16" ALT MEKANZMA ALT KOMPLES	MONTAGED	\N	100	\N	1	\N	3
218	2025-02-18 05:20:57.57394+00	2025-02-18 05:20:57.573942+00	03.1.10.0000.00.00.00	KMG5 16" ST MEKANZMA ALT KOMPLES	MONTAGED	\N	100	\N	1	\N	3
219	2025-02-18 05:20:57.575981+00	2025-02-18 05:20:57.575982+00	03.1.11.0000.00.00.00	KMG5 16" MEKANZMA BAI KOMPLES	MONTAGED	\N	100	\N	1	\N	3
220	2025-02-18 05:20:57.577663+00	2025-02-18 05:20:57.577665+00	03.1.12.0000.00.00.00	KMG5 16" BESLEME GRUBU KOMPLES	MONTAGED	\N	100	\N	1	\N	3
221	2025-02-18 05:20:57.579291+00	2025-02-18 05:20:57.579292+00	03.1.13.0000.04.00.00	KMG5 16" AMPMK_Rev.4	MONTAGED	KMG5-P404_ALT_MEKANIZMA_GOVDESI_R9 olduu iin revize edildi.	100	\N	1	\N	3
222	2025-02-18 05:20:57.581069+00	2025-02-18 05:20:57.581071+00	03.1.14.0000.00.00.00	KMG5 16" A11 GEZ KOMPLES	MONTAGED	\N	100	\N	1	\N	3
224	2025-02-18 05:20:57.584179+00	2025-02-18 05:20:57.584181+00	03.1.16.0000.00.00.00	GEZ KOMPLESI SAR56 JND	MONTAGED	\N	100	\N	2	\N	3
225	2025-02-18 05:20:57.586034+00	2025-02-18 05:20:57.586037+00	03.1.17.0000.00.00.00	ARPACIK KOMPLESI SAR56 JND	MONTAGED	\N	100	\N	2	\N	3
226	2025-02-18 05:20:57.588663+00	2025-02-18 05:20:57.588666+00	03.1.18.0000.00.00.00	A6-513 TASIMA KOLU KOMPLESI	MONTAGED	\N	100	\N	2	\N	3
227	2025-02-18 05:20:57.591289+00	2025-02-18 05:20:57.591291+00	03.1.19.0000.00.00.00	KCR556 11"-14,5"  GEZ KOMPLES (L-R)	MONTAGED	Gez yan tambura L-R yazlyor.	100	\N	1	\N	3
228	2025-02-18 05:20:57.593493+00	2025-02-18 05:20:57.593495+00	03.1.20.0000.00.00.00	556 20S ARPACIK KOMPLESI	MONTAGED	\N	100	\N	2	\N	3
229	2025-02-18 05:20:57.59511+00	2025-02-18 05:20:57.595111+00	03.1.21.0000.00.00.00	556 42S Gez Komplesi / 556 HMT GK	MONTAGED	\N	100	\N	2	\N	3
230	2025-02-18 05:20:57.596825+00	2025-02-18 05:20:57.596827+00	03.1.22.0000.00.00.00	KMG5 - ALT MEKANZMA PSTON ML KOMPLES	MONTAGED	\N	100	\N	\N	\N	3
231	2025-02-18 05:20:57.598509+00	2025-02-18 05:20:57.598511+00	03.1.22.0000.01.00.00	AMPMK - Gvdesi PDK l rn_Rev.1	MONTAGED	  3 lk delik kaldrld,\n Loctite 290 yerine 270 kullanlacak,\n Notlar ksmna (7.2) montaj sonras torkladktan sonra yzeylerin rtmesi beklenmektedir,	100	\N	1	\N	3
232	2025-02-18 05:20:57.60031+00	2025-02-18 05:20:57.600312+00	03.1.23.0000.00.00.00	KCR739 11"-14,5" GEZ KOMPLES	MONTAGED	Gez kaml tamburu farkl	100	\N	1	\N	3
233	2025-02-18 05:20:57.602089+00	2025-02-18 05:20:57.60209+00	03.1.24.0000.00.00.00	556 HMT  ARPACIK KOMPLES	MONTAGED	\N	100	\N	2	\N	3
234	2025-02-18 05:20:57.603665+00	2025-02-18 05:20:57.603667+00	03.1.25.0000.00.00.00	KCR556-7,5" GEZ KOMPLES (L-R)	MONTAGED	\N	100	\N	1	\N	3
235	2025-02-18 05:20:57.605329+00	2025-02-18 05:20:57.605331+00	03.1.26.0000.00.00.00	KMG762 GEZ KOMPLES	MONTAGED	\N	100	\N	1	\N	3
237	2025-02-18 08:58:27.609582+00	2025-02-18 08:58:27.609584+00	03.0.21.0004.00.00.00	Niangah	SEMI		179	\N	\N	\N	3
223	2025-02-18 05:20:57.582657+00	2025-02-18 13:59:03.661053+00	03.1.15.0000.00.00.00	KMG5 16" A27 ARPACIK KOMPLES	MONTAGED		228	\N	1	\N	3
238	2025-02-18 08:59:53+00	2025-02-19 05:49:08.573612+00	03.0.14.0008.00.00.00	Gez  Sac	SEMI		371	\N	\N	\N	2
239	2025-02-18 09:01:49+00	2025-02-19 05:50:19.885236+00	03.0.14.0003.00.00.00	Yan Ayar Vidas	SEMI		849	\N	\N	\N	2
236	2025-02-18 08:52:35+00	2025-02-19 05:53:06.736331+00	03.0.14.0009.00.00.00	Niangah Sac	SEMI		2219	\N	\N	\N	2
48	2025-02-18 05:20:54+00	2025-02-18 09:16:28.072874+00	02.YAY00.50L05.50D01.50	Kule Kilit Dili in Konumlama Yay	STANDARD_PART	KAPSAM 21	100	\N	\N	\N	1
55	2025-02-18 05:20:54+00	2025-02-18 09:17:25.126618+00	02.YAY00.80L07.40D05.30	Arpack Ara Ayar Somun Yay	STANDARD_PART	KAPSAM 28	100	\N	\N	\N	1
38	2025-02-18 05:20:54+00	2025-02-18 12:32:56.142313+00	02.PM.SP.02.00x22.00	 2 X 22 mm Spiral Pim	STANDARD_PART	DIN 7343	15	\N	\N	\N	1
120	2025-02-18 05:20:54.827083+00	2025-02-18 13:56:01.920797+00	03.0.15.0001.00.00.00	Kaide	SEMI		1248	\N	\N	\N	2
123	2025-02-18 05:20:54.834029+00	2025-02-18 13:56:30.845681+00	03.0.15.0004.00.00.00	Arpack Sabitleme Pabucu	SEMI		1050	\N	\N	\N	2
241	2025-02-19 05:46:57.302662+00	2025-02-19 05:46:57.302665+00	03.0.14.0001.00.00.00	Gez Gvdesi	SEMI		160	\N	\N	\N	2
242	2025-02-19 05:47:46.048948+00	2025-02-19 05:47:46.04895+00	03.0.14.0002.00.00.00	Yan Ayar Braketi	SEMI		366	\N	\N	\N	2
243	2025-02-19 05:51:44.944759+00	2025-02-19 05:51:44.944761+00	03.0.14.0016.00.00.00	Ykseli Orta Mili	SEMI		600	\N	\N	\N	2
244	2025-02-19 05:54:07.017755+00	2025-02-19 05:54:07.017757+00	03.0.14.0013.00.00.00	Kaba Ykseli Tamburu	SEMI		583	\N	\N	\N	2
245	2025-02-19 05:55:12.306287+00	2025-02-19 05:55:12.306289+00	03.0.14.0004.00.00.00	Yan Ayar Tamburu	SEMI		600	\N	\N	\N	2
246	2025-02-19 05:55:58.569122+00	2025-02-19 05:55:58.569124+00	03.0.14.0012.00.00.00	nce Ykseli Tamburu	SEMI		640	\N	\N	\N	2
247	2025-02-19 05:58:40.464439+00	2025-02-19 05:58:40.464441+00	03.0.14.0011.00.00.00	Ykseli Tamburu	SEMI		662	\N	\N	\N	2
248	2025-02-19 06:08:13.792775+00	2025-02-19 06:08:13.792777+00	03.0.14.0010.00.00.00	Niangah	SEMI		640	\N	\N	\N	2
249	2025-02-19 06:40:07.947623+00	2025-02-19 06:40:07.947625+00	03.0.14.0006.00.00.00	Bilye Kovan	SEMI		1105	\N	\N	\N	2
240	2025-02-18 09:08:53+00	2025-02-19 06:54:41.975954+00	02.YAY01.00L49.50D01.30	Ykseli Yay (Kapsam 19)	STANDARD_PART		1163	\N	\N	\N	1
\.


--
-- Data for Name: inventory_rawmaterial; Type: TABLE DATA; Schema: public; Owner: erp_admin
--

COPY public.inventory_rawmaterial (id, created_at, modified_at, material_code, material_name, current_stock, created_by_id, modified_by_id, unit_id, inventory_category_id, diameter_mm, height, material_type, thickness, width) FROM stdin;
2	2025-02-18 05:20:50.351349+00	2025-02-18 05:20:50.351352+00	RM002	Aluminum Rod 6061	500.00	\N	\N	2	1	25.4	\N	ALUMINUM	\N	\N
3	2025-02-18 05:20:51.693098+00	2025-02-18 05:20:51.693101+00	02.100Cr6.10.00	10 100CR6 YUVARLAK C 9107-03	100.00	\N	\N	6	1	10	\N	STEEL	\N	\N
4	2025-02-18 05:20:51.696531+00	2025-02-18 05:20:51.696534+00	02.1045.40X80X60	1045 ELK 40X80X60 NORMALZASYON-ISIL LEM (28-32 HRC)	100.00	\N	\N	6	1	\N	80	STEEL	60	40
5	2025-02-18 05:20:51.699575+00	2025-02-18 05:20:51.699576+00	02.14NiCr14.25x25	14NiCr14	100.00	\N	\N	6	1	\N	25	STEEL	\N	25
6	2025-02-18 05:20:51.701993+00	2025-02-18 05:20:51.701995+00	02.14NiCr14.32.00	32 14NiCr14 Yuvarlak 14 NiCr14 (C.9118-01)	100.00	\N	\N	6	1	32	\N	STEEL	\N	\N
7	2025-02-18 05:20:51.704322+00	2025-02-18 05:20:51.704324+00	02.6013.60X60	6013 60X60 KARE	100.00	\N	\N	6	1	\N	60	ALUMINUM	\N	60
8	2025-02-18 05:20:51.706427+00	2025-02-18 05:20:51.706428+00	02.6013.80X50X600	ALM.LAMA 6013 80X50X600	100.00	\N	\N	6	1	\N	50	ALUMINUM	600	80
9	2025-02-18 05:20:51.708395+00	2025-02-18 05:20:51.708398+00	02.7075-T651.40X100X270	AL. PLAKA 7075 T651 40*100*270 MM	100.00	\N	\N	6	1	\N	100	ALUMINUM	270	40
10	2025-02-18 05:20:51.710548+00	2025-02-18 05:20:51.71055+00	02.7075-T651.18.00	18 ALM. UBUK 7075 T651	100.00	\N	\N	6	1	18	\N	ALUMINUM	\N	\N
11	2025-02-18 05:20:51.712252+00	2025-02-18 05:20:51.712254+00	02.C45.70X120	C45 MALAT EL LAMA	100.00	\N	\N	6	1	\N	120	STEEL	\N	70
12	2025-02-18 05:20:51.714127+00	2025-02-18 05:20:51.714129+00	02.C45.12.00	C 45 Y 12	100.00	\N	\N	6	1	12	\N	STEEL	\N	\N
13	2025-02-18 05:20:51.715969+00	2025-02-18 05:20:51.71597+00	02.14NiCr14.13.00	13 14NiCr14	100.00	\N	\N	6	1	13	\N	STEEL	\N	\N
14	2025-02-18 05:20:51.717726+00	2025-02-18 05:20:51.717727+00	02.14NiCr14.50.00	50 14NiCr14 Yuvarlak. 14 NiCr14	100.00	\N	\N	6	1	50	\N	STEEL	\N	\N
15	2025-02-18 05:20:51.719578+00	2025-02-18 05:20:51.71958+00	02.15NiCr13.100x20	15NiCr13 scak ekme	100.00	\N	\N	6	1	\N	20	STEEL	\N	100
16	2025-02-18 05:20:51.721426+00	2025-02-18 05:20:51.721427+00	02.16MnCr5.08.00	16MnCr5 8	100.00	\N	\N	6	1	8	\N	STEEL	\N	\N
17	2025-02-18 05:20:51.72336+00	2025-02-18 05:20:51.723362+00	02.16MnCr5.20.00	20 16MnCr5	100.00	\N	\N	6	1	20	\N	STEEL	\N	\N
18	2025-02-18 05:20:51.725477+00	2025-02-18 05:20:51.725479+00	02.304.200X0X155	304L-CB KLT.200X0X155	100.00	\N	\N	6	1	\N	0	STEEL	155	200
19	2025-02-18 05:20:51.727816+00	2025-02-18 05:20:51.727818+00	02.7075-T651.60X62X135	AL.PLAKA 7075T651 60x62x135 MM	100.00	\N	\N	6	1	\N	62	ALUMINUM	135	60
20	2025-02-18 05:20:51.730145+00	2025-02-18 05:20:51.730146+00	02.7075-T651.90X80X300	ALM LEVHA 7075 90 MM THAL 90X80X300	100.00	\N	\N	6	1	\N	80	ALUMINUM	300	90
21	2025-02-18 05:20:51.732654+00	2025-02-18 05:20:51.732656+00	02.TOOLOX 44.20X1060	TOOLOX 44 TO44L 20X1060 MM	100.00	\N	\N	6	1	\N	1060	STEEL	\N	20
22	2025-02-18 05:20:51.735133+00	2025-02-18 05:20:51.735136+00	02.TOOLOX 44.20X40X80	TOOLOX 44 TO44P 20X40X80	100.00	\N	\N	6	1	\N	40	STEEL	80	20
23	2025-02-18 05:20:51.737493+00	2025-02-18 05:20:51.737495+00	02.4140.14.00	42CrMo4 14 - 4140	100.00	\N	\N	6	1	14	\N	STEEL	\N	\N
24	2025-02-18 05:20:51.739487+00	2025-02-18 05:20:51.739489+00	02.4140.32.00	42CrMo4 32 - 4140	100.00	\N	\N	6	1	32	\N	STEEL	\N	\N
25	2025-02-18 05:20:51.741373+00	2025-02-18 05:20:51.741374+00	02.4140.40.00	40 mm ISLAH EL 4140 ASL ELK	100.00	\N	\N	6	1	40	\N	STEEL	\N	\N
26	2025-02-18 05:20:51.743166+00	2025-02-18 05:20:51.743167+00	02.4140-QT.13.00	42CrMo4 QT 13 - 4140	100.00	\N	\N	6	1	13	\N	STEEL	\N	\N
27	2025-02-18 05:20:51.744899+00	2025-02-18 05:20:51.744901+00	02.4340.16.00	16 AISI 4340 Yuvarlak AISI 4340 (C.9134-01)	100.00	\N	\N	6	1	16	\N	STEEL	\N	\N
28	2025-02-18 05:20:51.746548+00	2025-02-18 05:20:51.746549+00	02.6082-T6.30X30X176	ALM.LAMA PROFL 6082 T6 30X30X176	100.00	\N	\N	6	1	\N	30	ALUMINUM	176	30
29	2025-02-18 05:20:51.748305+00	2025-02-18 05:20:51.748306+00	02.6082-T6.30X40X172	ALM.LAMA PROFL 6082 T6 30X40X172	100.00	\N	\N	6	1	\N	40	ALUMINUM	172	30
30	2025-02-18 05:20:51.74997+00	2025-02-18 05:20:51.749971+00	02.6082-T6.16.00	16 ALM. UBUK 6082 T6 16MM	100.00	\N	\N	6	1	16	\N	ALUMINUM	\N	\N
31	2025-02-18 05:20:51.751813+00	2025-02-18 05:20:51.751814+00	02.7075.50.00	50 ALM. LEVHA 7075	100.00	\N	\N	6	1	50	\N	ALUMINUM	\N	\N
32	2025-02-18 05:20:51.753806+00	2025-02-18 05:20:51.753807+00	02.C40.65.00	C40 65	100.00	\N	\N	6	1	65	\N	STEEL	\N	\N
33	2025-02-18 05:20:51.756036+00	2025-02-18 05:20:51.756038+00	02.4140.20X145X195	4140 20X145X195	100.00	\N	\N	6	1	\N	145	STEEL	195	20
34	2025-02-18 05:20:51.758206+00	2025-02-18 05:20:51.758207+00	02.4140.20X50X190	4140 20X50X190	100.00	\N	\N	6	1	\N	50	STEEL	190	20
35	2025-02-18 05:20:51.75994+00	2025-02-18 05:20:51.759941+00	02.4140.20X96X120	4140 20X96X120	100.00	\N	\N	6	1	\N	96	STEEL	120	20
36	2025-02-18 05:20:51.761904+00	2025-02-18 05:20:51.761906+00	02.4140.08.00	42CrMo4 8 - 4140	100.00	\N	\N	6	1	8	\N	STEEL	\N	\N
37	2025-02-18 05:20:51.763618+00	2025-02-18 05:20:51.76362+00	02.4140.09.00	42CrMo4 9 - 4140	100.00	\N	\N	6	1	9	\N	STEEL	\N	\N
38	2025-02-18 05:20:51.765329+00	2025-02-18 05:20:51.76533+00	02.4140.12.00	42CrMo4 12 4140	100.00	\N	\N	6	1	12	\N	STEEL	\N	\N
39	2025-02-18 05:20:51.767082+00	2025-02-18 05:20:51.767083+00	02.4140.16.00	42CrMo4 16 - 4140	100.00	\N	\N	6	1	16	\N	STEEL	\N	\N
40	2025-02-18 05:20:51.768859+00	2025-02-18 05:20:51.768861+00	02.4140.18.00	42CrMo4 18 - 4140	100.00	\N	\N	6	1	18	\N	STEEL	\N	\N
41	2025-02-18 05:20:51.77068+00	2025-02-18 05:20:51.770682+00	02.4140.20.00	42 Cr Mo 4 20 - 4140	100.00	\N	\N	6	1	20	\N	STEEL	\N	\N
42	2025-02-18 05:20:51.772281+00	2025-02-18 05:20:51.772282+00	02.4140.24.00	42CrMo4 24 - 4140 24 mm	100.00	\N	\N	6	1	24	\N	STEEL	\N	\N
43	2025-02-18 05:20:51.775106+00	2025-02-18 05:20:51.775108+00	02.4140.38.00	42CrMo4 38 - 4140	100.00	\N	\N	6	1	38	\N	STEEL	\N	\N
44	2025-02-18 05:20:51.778255+00	2025-02-18 05:20:51.778257+00	02.4140.50.00	50 mm ISLAH EL 4140 ASL ELK	100.00	\N	\N	6	1	50	\N	STEEL	\N	\N
45	2025-02-18 05:20:51.78007+00	2025-02-18 05:20:51.780071+00	02.4140-QT.08.00	42CrMo4 8 - 4140 QT	100.00	\N	\N	6	1	8	\N	STEEL	\N	\N
46	2025-02-18 05:20:51.782105+00	2025-02-18 05:20:51.782107+00	02.4140-QT.12.00	42CrMo4 12 4140 QT	100.00	\N	\N	6	1	12	\N	STEEL	\N	\N
47	2025-02-18 05:20:51.783872+00	2025-02-18 05:20:51.783873+00	02.4140-QT.18.50	4140 QT	100.00	\N	\N	6	1	18.5	\N	STEEL	\N	\N
48	2025-02-18 05:20:51.785531+00	2025-02-18 05:20:51.785533+00	02.4140-QT.21.00	4140 QT	100.00	\N	\N	6	1	21	\N	STEEL	\N	\N
49	2025-02-18 05:20:51.787251+00	2025-02-18 05:20:51.787252+00	02.4140S.14.00	42CrMoS4 12 4140S	100.00	\N	\N	6	1	14	\N	STEEL	\N	\N
50	2025-02-18 05:20:51.789137+00	2025-02-18 05:20:51.789139+00	02.4140S.18.00	42CrMoS4 18 - 4140 18 mm	100.00	\N	\N	6	1	18	\N	STEEL	\N	\N
51	2025-02-18 05:20:51.791+00	2025-02-18 05:20:51.791001+00	02.4140S.24.00	42CrMoS4 24 - 4140 24 mm	100.00	\N	\N	6	1	24	\N	STEEL	\N	\N
52	2025-02-18 05:20:51.794614+00	2025-02-18 05:20:51.794615+00	02.4340-QT.30X60X70	AISI E4340 QT 30*60*70 mm	100.00	\N	\N	6	1	\N	60	STEEL	70	30
53	2025-02-18 05:20:51.796536+00	2025-02-18 05:20:51.796537+00	02.55NiCrMoV7.115x110x175	55NiCrMoV7 115x110x175-OBA MEKANZMA HAMMADDE	100.00	\N	\N	6	1	\N	110	STEEL	175	115
54	2025-02-18 05:20:51.798425+00	2025-02-18 05:20:51.798426+00	02.6013.EKALT	CAR816 EL KUNDAI ALT-HAMMADDE	100.00	\N	\N	6	1	\N	\N	ALUMINUM	\N	\N
55	2025-02-18 05:20:51.800121+00	2025-02-18 05:20:51.800123+00	02.6013.EKUST	CAR816 EL KUNDAI ST-HAMMADDE	100.00	\N	\N	6	1	\N	\N	ALUMINUM	\N	\N
56	2025-02-18 05:20:51.802666+00	2025-02-18 05:20:51.802667+00	02.6061-T651.80X200X400	AL.PLAKA 6061 T651 80X200X400 MM	100.00	\N	\N	6	1	\N	200	ALUMINUM	400	80
57	2025-02-18 05:20:51.804716+00	2025-02-18 05:20:51.804718+00	02.6082.T6.165	AL.ZEL PROFL 6082T6 165MM KALIP NO:21482	100.00	\N	\N	6	1	165	\N	ALUMINUM	\N	\N
58	2025-02-18 05:20:51.806868+00	2025-02-18 05:20:51.806888+00	02.6082-T6.20X20X40	ALM.LAMA PROFL 6082 T6 20X20X40	100.00	\N	\N	6	1	\N	20	ALUMINUM	40	20
59	2025-02-18 05:20:51.80933+00	2025-02-18 05:20:51.809332+00	02.6082-T6.25X2500	ALM.LAMA PROFL 6082 T6 25X2500	100.00	\N	\N	6	1	\N	2500	ALUMINUM	\N	25
60	2025-02-18 05:20:51.8113+00	2025-02-18 05:20:51.811302+00	02.6082-T6.3000	AL.ZEL PROFIL 6082T6 3000 MM KALIP NO: 21482	100.00	\N	\N	6	1	\N	3000	ALUMINUM	\N	\N
61	2025-02-18 05:20:51.813166+00	2025-02-18 05:20:51.813168+00	02.6082-T6.3060	ALM.ZEL PROFL 6082 T6 3060 MM	100.00	\N	\N	6	1	\N	3060	ALUMINUM	\N	\N
62	2025-02-18 05:20:51.815001+00	2025-02-18 05:20:51.815002+00	02.7075-T651.120X120X240	ALM.PLAKA 7075T651 120X120X240 MM	100.00	\N	\N	6	1	\N	120	ALUMINUM	240	120
63	2025-02-18 05:20:51.816714+00	2025-02-18 05:20:51.816715+00	02.7075-T651.15X25X36	AL. PLAKA 7075 T651 15*25*36 MM	100.00	\N	\N	6	1	\N	25	ALUMINUM	36	15
64	2025-02-18 05:20:51.818726+00	2025-02-18 05:20:51.818728+00	02.7075-T651.180X3000X18	AL. UBUK 7075 T6511 180*3000*18	100.00	\N	\N	6	1	\N	3000	ALUMINUM	18	180
65	2025-02-18 05:20:51.820601+00	2025-02-18 05:20:51.820603+00	02.7075-T651.20X25X40	ALM.PLAKA 7075T651 20X25X40 MM	100.00	\N	\N	6	1	\N	25	ALUMINUM	40	20
66	2025-02-18 05:20:51.823492+00	2025-02-18 05:20:51.823494+00	02.7075-T651.40X85X270	AL.PLAKA 7075T651 40x85x270 MM	100.00	\N	\N	6	1	\N	85	ALUMINUM	270	40
67	2025-02-18 05:20:51.825539+00	2025-02-18 05:20:51.82554+00	02.7075-T651.40X85X271	AL.PLAKA 7075T651 40x85x271 MM	100.00	\N	\N	6	1	\N	85	ALUMINUM	271	40
68	2025-02-18 05:20:51.828875+00	2025-02-18 05:20:51.828876+00	02.7075-T651.80X108X270	ALM PLAKA 7075 T651 80X108X270	100.00	\N	\N	6	1	\N	108	ALUMINUM	270	80
69	2025-02-18 05:20:51.831097+00	2025-02-18 05:20:51.831098+00	02.C15.10.00	C 15	100.00	\N	\N	6	1	10	\N	STEEL	\N	\N
70	2025-02-18 05:20:51.83304+00	2025-02-18 05:20:51.833042+00	02.C40.12.00	12 1040	100.00	\N	\N	6	1	12	\N	STEEL	\N	\N
71	2025-02-18 05:20:51.834735+00	2025-02-18 05:20:51.834737+00	02.C40.25.00	K25.00/EKT/C40/00_C0/HAD/5500_6500	100.00	\N	\N	6	1	25	\N	STEEL	\N	\N
72	2025-02-18 05:20:51.836482+00	2025-02-18 05:20:51.836484+00	02.C40.40.00	K40.00/EKT/C40/00_C0/HAD/6000_7000	100.00	\N	\N	6	1	40	\N	STEEL	\N	\N
73	2025-02-18 05:20:51.83831+00	2025-02-18 05:20:51.838311+00	02.C45.100X100X60	C45 MALAT EL LAMA	100.00	\N	\N	6	1	\N	100	STEEL	60	100
74	2025-02-18 05:20:51.840118+00	2025-02-18 05:20:51.840119+00	02.C45.150X130X90	C45 MALAT EL LAMA	100.00	\N	\N	6	1	\N	130	STEEL	90	150
75	2025-02-18 05:20:51.841883+00	2025-02-18 05:20:51.841884+00	02.C50.40.00	40 MALAT EL 1050 ASL ELK	100.00	\N	\N	6	1	40	\N	STEEL	\N	\N
76	2025-02-18 05:20:51.843518+00	2025-02-18 05:20:51.843519+00	02.C45.40X80X60	1045 ELK 40X80X60 NORMALZASYON-ISIL LEM (28-32 HRC)	100.00	\N	\N	6	1	\N	80	STEEL	60	40
77	2025-02-18 05:20:51.846023+00	2025-02-18 05:20:51.846024+00	02.16MnCr5.06.00	6 16MnCr5	100.00	\N	\N	6	1	6	\N	STEEL	\N	\N
78	2025-02-18 05:20:51.847789+00	2025-02-18 05:20:51.847791+00	02.16MnCr14.14.00	16MnCr14 14	100.00	\N	\N	6	1	14	\N	STEEL	\N	\N
79	2025-02-18 05:20:51.849651+00	2025-02-18 05:20:51.849653+00	02.16CrMo5.14.00	14 16CrMo5 14	100.00	\N	\N	6	1	14	\N	STEEL	\N	\N
80	2025-02-18 05:20:51.85129+00	2025-02-18 05:20:51.851291+00	02.16CrMo5.15.00	154 16CrMo5 15	100.00	\N	\N	6	1	15	\N	STEEL	\N	\N
81	2025-02-18 05:20:51.853157+00	2025-02-18 05:20:51.853159+00	02.15S20.15.00	10S20K-15S20K	100.00	\N	\N	6	1	15	\N	STEEL	\N	\N
82	2025-02-18 05:20:51.855014+00	2025-02-18 05:20:51.855015+00	02.10S20K.10.00	10S20K-15S20K	100.00	\N	\N	6	1	10	\N	STEEL	\N	\N
83	2025-02-18 05:20:51.85677+00	2025-02-18 05:20:51.856772+00	02.39NiCrMo3.27.00	39NiCrMo3  27 mm	100.00	\N	\N	6	1	27	\N	STEEL	\N	\N
84	2025-02-18 05:20:51.858421+00	2025-02-18 05:20:51.858422+00	02.39NiCrMo3-QT.25.00	39CrNiMo3-QT	100.00	\N	\N	6	1	25	\N	STEEL	\N	\N
85	2025-02-18 05:20:51.860122+00	2025-02-18 05:20:51.860123+00	02.39NiCrMo3-QT.25.60	39NiCrMo3 QT  25.60	100.00	\N	\N	6	1	25.6	\N	STEEL	\N	\N
86	2025-02-18 05:20:51.86211+00	2025-02-18 05:20:51.862111+00	02.39NiCrMo3-QT-SH.25.30	25.30 / EN 10277-5 / 39NiCrMo3+QT+SH	100.00	\N	\N	6	1	25.3	\N	STEEL	\N	\N
87	2025-02-18 05:20:51.863798+00	2025-02-18 05:20:51.8638+00	02.303.10.00	UBUK 303 KLT 10 MM PASLANMAZ	100.00	\N	\N	6	1	10	\N	STEEL	\N	\N
88	2025-02-18 05:20:51.866749+00	2025-02-18 05:20:51.866751+00	02.304.10.00	304  10 paslanmaz	100.00	\N	\N	6	1	10	\N	STEEL	\N	\N
89	2025-02-18 05:20:51.868347+00	2025-02-18 05:20:51.868349+00	02.6082-T6.18.00	18 ALM. UBUK 6082 T6	100.00	\N	\N	6	1	18	\N	ALUMINUM	\N	\N
90	2025-02-18 05:20:51.870199+00	2025-02-18 05:20:51.870201+00	02.6082-T6.30X30X177	AL.LAMA PROFL 6082T6 30X40X177 MM	100.00	\N	\N	6	1	\N	40	ALUMINUM	177	30
91	2025-02-18 05:20:51.872007+00	2025-02-18 05:20:51.872009+00	02.6013.EKALT.YERLI	CAR816 EL KUNDAI ALT-HAMMADDE-YERLI	100.00	\N	\N	6	1	\N	\N	ALUMINUM	\N	\N
92	2025-02-18 05:20:51.873697+00	2025-02-18 05:20:51.873699+00	02.6013.EKUST.YERLI	CAR816 EL KUNDAI ST-HAMMADDE-YERLI	100.00	\N	\N	6	1	\N	\N	ALUMINUM	\N	\N
93	2025-02-18 05:20:51.875439+00	2025-02-18 05:20:51.875441+00	02.14NiCr14.55.00	55 14NiCr14 Yuvarlak 14 NiCr14 (C.9115-01)	100.00	\N	\N	6	1	55	\N	STEEL	\N	\N
1	2025-02-18 05:20:50.348654+00	2025-02-18 05:34:37.156694+00	RM001	Steel Sheet 304	1000.00	\N	\N	2	1	\N	20	STEEL	3	1000
\.


--
-- Data for Name: inventory_technicaldrawing; Type: TABLE DATA; Schema: public; Owner: erp_admin
--

COPY public.inventory_technicaldrawing (id, created_at, modified_at, version, drawing_code, effective_date, is_current, revision_notes, approved_by_id, created_by_id, modified_by_id, product_id, drawing_file) FROM stdin;
\.


--
-- Data for Name: inventory_unitofmeasure; Type: TABLE DATA; Schema: public; Owner: erp_admin
--

COPY public.inventory_unitofmeasure (id, unit_code, unit_name) FROM stdin;
1	PCS	Pieces
2	KG	Kilogram
3	M	Meter
4	M2	Square Meter
5	MM	Millimeter
6	kg	Kilogram
\.


--
-- Data for Name: maintenance_faultreport; Type: TABLE DATA; Schema: public; Owner: erp_admin
--

COPY public.maintenance_faultreport (id, created_at, modified_at, fault_description, severity, status, resolution_notes, resolved_at, created_by_id, machine_id, modified_by_id, reported_by_id, resolved_by_id) FROM stdin;
\.


--
-- Data for Name: maintenance_maintenance; Type: TABLE DATA; Schema: public; Owner: erp_admin
--

COPY public.maintenance_maintenance (id, created_at, modified_at, maintenance_type, scheduled_date, completed_date, status, checklist, notes, assigned_to_id, created_by_id, machine_id, modified_by_id) FROM stdin;
\.


--
-- Data for Name: manufacturing_bom; Type: TABLE DATA; Schema: public; Owner: erp_admin
--

COPY public.manufacturing_bom (id, created_at, modified_at, version, is_active, product_id, created_by_id, modified_by_id) FROM stdin;
\.


--
-- Data for Name: manufacturing_bomcomponent; Type: TABLE DATA; Schema: public; Owner: erp_admin
--

COPY public.manufacturing_bomcomponent (id, quantity, sequence_order, bom_id, notes, created_at, created_by_id, modified_at, modified_by_id) FROM stdin;
\.


--
-- Data for Name: manufacturing_bomprocessconfig; Type: TABLE DATA; Schema: public; Owner: erp_admin
--

COPY public.manufacturing_bomprocessconfig (id, estimated_duration_minutes, tooling_requirements, quality_checks, process_id, axis_count) FROM stdin;
\.


--
-- Data for Name: manufacturing_machine; Type: TABLE DATA; Schema: public; Owner: erp_admin
--

COPY public.manufacturing_machine (id, created_at, modified_at, machine_code, machine_type, brand, model, axis_count, motor_power_kva, holder_type, spindle_motor_power_10_percent_kw, spindle_motor_power_30_percent_kw, power_hp, spindle_speed_rpm, tool_count, nc_control_unit, serial_number, machine_weight_kg, max_part_size, description, status, created_by_id, modified_by_id, last_maintenance_date, maintenance_interval, next_maintenance_date, maintenance_notes, manufacturing_year, internal_cooling) FROM stdin;
1	2025-02-19 12:14:57+00	2025-02-19 12:20:29.185371+00	CNC-01	leme Merkezi	MAZAK	VARIAXIS -500	5EKSEN	66.00	BBT-40	\N	\N	\N	18000	30	Mazatrol Matrix-	262599	8000.00	500 x 350		AVAILABLE	\N	\N	\N	90	\N		\N	15.00
2	2025-02-19 12:14:57+00	2025-02-19 12:20:38.983803+00	CNC-03	leme Merkezi	MAZAK	FJV-200	3EKSEN	39.80	SK-40	\N	\N	\N	12000	30	MAZATROL FUSUIN 640M	138285	4700.00	500 x 650		AVAILABLE	\N	\N	\N	90	\N		\N	5.00
3	2025-02-19 12:14:57+00	2025-02-19 12:21:22.094298+00	CNC-04	leme Merkezi	MAZAK	VARIAXIS 500-5X -2012	5EKSEN	55.00	HSK-A63	\N	\N	\N	18000	30	Mazatrol Matrix-	239171	7500.00	500 x 350		AVAILABLE	\N	\N	\N	90	\N		\N	5.00
4	2025-02-19 12:14:57+00	2025-02-19 12:21:32.093306+00	CNC-05	leme Merkezi	MAZAK	CV5-500	5EKSEN	52.05	BT-40	\N	\N	\N	12000	30	Mazatrol Smoot	308505	6780.00	500 x 320		AVAILABLE	\N	\N	\N	90	\N		\N	15.00
5	2025-02-19 12:14:57+00	2025-02-19 12:22:33.40781+00	CNC-07	CNC Torna Merkezi	MAZAK	QTN-100	2EKSEN	24.00	TURRET	\N	\N	\N	6000	12	Mazatrol 640T Nexus	311173444	3300.00	300X500		AVAILABLE	\N	\N	\N	90	\N		\N	\N
6	2025-02-19 12:14:57+00	2025-02-19 12:22:43.454636+00	CNC-08	CNC Kayar Otomat	CITIZEN	L20E-2M10	8.5EKSEN	7.30	\N	\N	\N	\N	6000	26	Cincom	QF7449	2350.00	 25		AVAILABLE	\N	\N	\N	90	\N		\N	\N
7	2025-02-19 12:14:57+00	2025-02-19 12:23:03.27376+00	CNC-10	CNC Kayar Otomat	CITIZEN	L20E-2M12	9EKSEN	7.30	\N	\N	\N	\N	6000	26	Cincom	QF3967	2350.00	 20		AVAILABLE	\N	\N	\N	90	\N		\N	\N
8	2025-02-19 12:14:57+00	2025-02-19 12:23:24.570494+00	CNC-11	leme Merkezi	KOMATECH	GMT 400 	3EKSEN	25.00	BT-30	\N	\N	\N	15000	14	MITSUBISHI M70	400II0391	2500.00	300X300		AVAILABLE	\N	\N	\N	90	\N		\N	\N
9	2025-02-19 12:14:57+00	2025-02-19 12:24:22.15831+00	CNC-12	leme Merkezi	LITZ	LU 620	5EKSEN	25.00	BT-40	\N	\N	\N	12000	32	HEIDENHAIN TNC-530	6LUD00156	8640.00	 600		AVAILABLE	\N	\N	\N	90	\N		\N	20.00
10	2025-02-19 12:14:57+00	2025-02-19 12:24:36.073768+00	CNC-13	leme Merkezi	YCM	NXV 600A	3EKSEN	14.00	BBT-40	\N	\N	\N	12000	\N	\N	0491	\N	\N		AVAILABLE	\N	\N	\N	90	\N		\N	\N
11	2025-02-19 12:14:57+00	2025-02-19 12:24:57.274034+00	CNC-14	leme Merkezi	KOMATECH	KM 450D	4EKSEN	38.00	\N	\N	\N	\N	12000	\N	\N	W450D009	5500.00	\N		AVAILABLE	\N	\N	\N	90	\N		\N	\N
12	2025-02-19 12:14:57+00	2025-02-19 12:25:19.880125+00	CNC-15	leme Merkezi	MAZAK	VARIAXIS 500-5X -2007	5EKSEN	44.00	\N	\N	\N	\N	\N	\N	\N	203409	7500.00	 500		AVAILABLE	\N	\N	\N	90	\N		\N	\N
13	2025-02-19 12:14:57+00	2025-02-19 12:51:48.257157+00	CNC-16	leme Merkezi	MAZAK	VARIAXIS 500-5X -2006	5EKSEN	51.00	\N	\N	\N	\N	\N	\N	\N	189864	7500.00	\N		AVAILABLE	\N	\N	\N	90	\N		\N	\N
\.


--
-- Data for Name: manufacturing_manufacturingprocess; Type: TABLE DATA; Schema: public; Owner: erp_admin
--

COPY public.manufacturing_manufacturingprocess (id, created_at, modified_at, process_code, process_name, standard_time_minutes, machine_type, approved_by_id, created_by_id, modified_by_id) FROM stdin;
\.


--
-- Data for Name: manufacturing_processcomponent; Type: TABLE DATA; Schema: public; Owner: erp_admin
--

COPY public.manufacturing_processcomponent (bomcomponent_ptr_id, process_config_id, raw_material_id) FROM stdin;
\.


--
-- Data for Name: manufacturing_productcomponent; Type: TABLE DATA; Schema: public; Owner: erp_admin
--

COPY public.manufacturing_productcomponent (bomcomponent_ptr_id, product_id) FROM stdin;
\.


--
-- Data for Name: manufacturing_subworkorder; Type: TABLE DATA; Schema: public; Owner: erp_admin
--

COPY public.manufacturing_subworkorder (id, quantity, planned_start, planned_end, actual_start, actual_end, status, bom_component_id, parent_work_order_id, created_at, created_by_id, modified_at, modified_by_id, notes, output_quantity, scrap_quantity, target_category_id) FROM stdin;
\.


--
-- Data for Name: manufacturing_subworkorderprocess; Type: TABLE DATA; Schema: public; Owner: erp_admin
--

COPY public.manufacturing_subworkorderprocess (id, sequence_order, planned_duration_minutes, actual_duration_minutes, machine_id, process_id, sub_work_order_id) FROM stdin;
\.


--
-- Data for Name: manufacturing_workorder; Type: TABLE DATA; Schema: public; Owner: erp_admin
--

COPY public.manufacturing_workorder (id, created_at, modified_at, order_number, quantity, planned_start, planned_end, actual_start, actual_end, status, bom_id, created_by_id, modified_by_id, sales_order_item_id, notes, priority) FROM stdin;
\.


--
-- Data for Name: manufacturing_workorderoutput; Type: TABLE DATA; Schema: public; Owner: erp_admin
--

COPY public.manufacturing_workorderoutput (id, created_at, modified_at, quantity, status, notes, created_by_id, modified_by_id, sub_work_order_id, target_category_id, inspection_required, quarantine_reason) FROM stdin;
\.


--
-- Data for Name: purchase_purchaseorder; Type: TABLE DATA; Schema: public; Owner: erp_admin
--

COPY public.purchase_purchaseorder (id, created_at, modified_at, order_number, expected_delivery, status, created_by_id, modified_by_id, supplier_id) FROM stdin;
\.


--
-- Data for Name: purchase_purchaseorderitem; Type: TABLE DATA; Schema: public; Owner: erp_admin
--

COPY public.purchase_purchaseorderitem (id, created_at, modified_at, quantity, unit_price, received_quantity, created_by_id, modified_by_id, product_id, purchase_order_id) FROM stdin;
\.


--
-- Data for Name: purchase_supplier; Type: TABLE DATA; Schema: public; Owner: erp_admin
--

COPY public.purchase_supplier (id, created_at, modified_at, name, code, contact_email, payment_terms, created_by_id, modified_by_id) FROM stdin;
\.


--
-- Data for Name: quality_control_calibrationrecord; Type: TABLE DATA; Schema: public; Owner: erp_admin
--

COPY public.quality_control_calibrationrecord (id, created_at, modified_at, calibration_date, next_calibration_date, certificate_url, parameters, calibrated_by_id, created_by_id, machine_id, modified_by_id) FROM stdin;
\.


--
-- Data for Name: quality_control_qualitychecklist; Type: TABLE DATA; Schema: public; Owner: erp_admin
--

COPY public.quality_control_qualitychecklist (id, created_at, modified_at, name, description, items, created_by_id, modified_by_id, process_id) FROM stdin;
\.


--
-- Data for Name: quality_control_qualitydocument; Type: TABLE DATA; Schema: public; Owner: erp_admin
--

COPY public.quality_control_qualitydocument (id, created_at, modified_at, document_type, title, version, effective_date, file, approved_by_id, created_by_id, modified_by_id, related_bom_id, related_product_id) FROM stdin;
\.


--
-- Data for Name: quality_control_qualityformresponse; Type: TABLE DATA; Schema: public; Owner: erp_admin
--

COPY public.quality_control_qualityformresponse (id, created_at, modified_at, responses, passed, checklist_id, created_by_id, modified_by_id, responder_id, work_order_id) FROM stdin;
\.


--
-- Data for Name: sales_salesorder; Type: TABLE DATA; Schema: public; Owner: erp_admin
--

COPY public.sales_salesorder (id, created_at, modified_at, order_number, order_date, deadline_date, approved_by_id, created_by_id, customer_id, modified_by_id, status) FROM stdin;
\.


--
-- Data for Name: sales_salesorderitem; Type: TABLE DATA; Schema: public; Owner: erp_admin
--

COPY public.sales_salesorderitem (id, quantity, fulfilled_quantity, product_id, sales_order_id) FROM stdin;
\.


--
-- Data for Name: sales_shipping; Type: TABLE DATA; Schema: public; Owner: erp_admin
--

COPY public.sales_shipping (created_at, modified_at, id, shipping_no, shipping_date, shipping_amount, shipping_note, created_by_id, modified_by_id, order_id, actual_delivery_date, carrier, carrier_service, estimated_delivery_date, insurance_amount, is_insured, package_height, package_length, package_weight, package_width, shipping_address_line1, shipping_address_line2, shipping_city, shipping_country, shipping_postal_code, shipping_state, status, tracking_number) FROM stdin;
\.


--
-- Name: auth_group_id_seq; Type: SEQUENCE SET; Schema: public; Owner: erp_admin
--

SELECT pg_catalog.setval('public.auth_group_id_seq', 1, false);


--
-- Name: auth_group_permissions_id_seq; Type: SEQUENCE SET; Schema: public; Owner: erp_admin
--

SELECT pg_catalog.setval('public.auth_group_permissions_id_seq', 1, false);


--
-- Name: auth_permission_id_seq; Type: SEQUENCE SET; Schema: public; Owner: erp_admin
--

SELECT pg_catalog.setval('public.auth_permission_id_seq', 180, true);


--
-- Name: axes_accessattempt_id_seq; Type: SEQUENCE SET; Schema: public; Owner: erp_admin
--

SELECT pg_catalog.setval('public.axes_accessattempt_id_seq', 1, true);


--
-- Name: axes_accessfailurelog_id_seq; Type: SEQUENCE SET; Schema: public; Owner: erp_admin
--

SELECT pg_catalog.setval('public.axes_accessfailurelog_id_seq', 1, false);


--
-- Name: axes_accesslog_id_seq; Type: SEQUENCE SET; Schema: public; Owner: erp_admin
--

SELECT pg_catalog.setval('public.axes_accesslog_id_seq', 20, true);


--
-- Name: defender_accessattempt_id_seq; Type: SEQUENCE SET; Schema: public; Owner: erp_admin
--

SELECT pg_catalog.setval('public.defender_accessattempt_id_seq', 1, false);


--
-- Name: django_admin_log_id_seq; Type: SEQUENCE SET; Schema: public; Owner: erp_admin
--

SELECT pg_catalog.setval('public.django_admin_log_id_seq', 41, true);


--
-- Name: django_content_type_id_seq; Type: SEQUENCE SET; Schema: public; Owner: erp_admin
--

SELECT pg_catalog.setval('public.django_content_type_id_seq', 45, true);


--
-- Name: django_migrations_id_seq; Type: SEQUENCE SET; Schema: public; Owner: erp_admin
--

SELECT pg_catalog.setval('public.django_migrations_id_seq', 64, true);


--
-- Name: erp_core_customer_id_seq; Type: SEQUENCE SET; Schema: public; Owner: erp_admin
--

SELECT pg_catalog.setval('public.erp_core_customer_id_seq', 2, true);


--
-- Name: erp_core_department_id_seq; Type: SEQUENCE SET; Schema: public; Owner: erp_admin
--

SELECT pg_catalog.setval('public.erp_core_department_id_seq', 1, false);


--
-- Name: erp_core_rolepermission_id_seq; Type: SEQUENCE SET; Schema: public; Owner: erp_admin
--

SELECT pg_catalog.setval('public.erp_core_rolepermission_id_seq', 1, false);


--
-- Name: erp_core_user_departments_id_seq; Type: SEQUENCE SET; Schema: public; Owner: erp_admin
--

SELECT pg_catalog.setval('public.erp_core_user_departments_id_seq', 1, false);


--
-- Name: erp_core_user_groups_id_seq; Type: SEQUENCE SET; Schema: public; Owner: erp_admin
--

SELECT pg_catalog.setval('public.erp_core_user_groups_id_seq', 1, false);


--
-- Name: erp_core_user_id_seq; Type: SEQUENCE SET; Schema: public; Owner: erp_admin
--

SELECT pg_catalog.setval('public.erp_core_user_id_seq', 3, true);


--
-- Name: erp_core_user_user_permissions_id_seq; Type: SEQUENCE SET; Schema: public; Owner: erp_admin
--

SELECT pg_catalog.setval('public.erp_core_user_user_permissions_id_seq', 1, false);


--
-- Name: erp_core_userprofile_id_seq; Type: SEQUENCE SET; Schema: public; Owner: erp_admin
--

SELECT pg_catalog.setval('public.erp_core_userprofile_id_seq', 2, true);


--
-- Name: guardian_groupobjectpermission_id_seq; Type: SEQUENCE SET; Schema: public; Owner: erp_admin
--

SELECT pg_catalog.setval('public.guardian_groupobjectpermission_id_seq', 1, false);


--
-- Name: guardian_userobjectpermission_id_seq; Type: SEQUENCE SET; Schema: public; Owner: erp_admin
--

SELECT pg_catalog.setval('public.guardian_userobjectpermission_id_seq', 1, false);


--
-- Name: inventory_inventorycategory_id_seq; Type: SEQUENCE SET; Schema: public; Owner: erp_admin
--

SELECT pg_catalog.setval('public.inventory_inventorycategory_id_seq', 6, true);


--
-- Name: inventory_inventorytransaction_id_seq; Type: SEQUENCE SET; Schema: public; Owner: erp_admin
--

SELECT pg_catalog.setval('public.inventory_inventorytransaction_id_seq', 1, false);


--
-- Name: inventory_product_id_seq; Type: SEQUENCE SET; Schema: public; Owner: erp_admin
--

SELECT pg_catalog.setval('public.inventory_product_id_seq', 249, true);


--
-- Name: inventory_rawmaterial_id_seq; Type: SEQUENCE SET; Schema: public; Owner: erp_admin
--

SELECT pg_catalog.setval('public.inventory_rawmaterial_id_seq', 93, true);


--
-- Name: inventory_technicaldrawing_id_seq; Type: SEQUENCE SET; Schema: public; Owner: erp_admin
--

SELECT pg_catalog.setval('public.inventory_technicaldrawing_id_seq', 1, false);


--
-- Name: inventory_unitofmeasure_id_seq; Type: SEQUENCE SET; Schema: public; Owner: erp_admin
--

SELECT pg_catalog.setval('public.inventory_unitofmeasure_id_seq', 6, true);


--
-- Name: maintenance_faultreport_id_seq; Type: SEQUENCE SET; Schema: public; Owner: erp_admin
--

SELECT pg_catalog.setval('public.maintenance_faultreport_id_seq', 1, false);


--
-- Name: maintenance_maintenance_id_seq; Type: SEQUENCE SET; Schema: public; Owner: erp_admin
--

SELECT pg_catalog.setval('public.maintenance_maintenance_id_seq', 1, false);


--
-- Name: manufacturing_bomcomponent_id_seq; Type: SEQUENCE SET; Schema: public; Owner: erp_admin
--

SELECT pg_catalog.setval('public.manufacturing_bomcomponent_id_seq', 1, false);


--
-- Name: manufacturing_bomnew_id_seq; Type: SEQUENCE SET; Schema: public; Owner: erp_admin
--

SELECT pg_catalog.setval('public.manufacturing_bomnew_id_seq', 1, false);


--
-- Name: manufacturing_bomprocessconfig_id_seq; Type: SEQUENCE SET; Schema: public; Owner: erp_admin
--

SELECT pg_catalog.setval('public.manufacturing_bomprocessconfig_id_seq', 1, false);


--
-- Name: manufacturing_machine_id_seq; Type: SEQUENCE SET; Schema: public; Owner: erp_admin
--

SELECT pg_catalog.setval('public.manufacturing_machine_id_seq', 13, true);


--
-- Name: manufacturing_manufacturingprocess_id_seq; Type: SEQUENCE SET; Schema: public; Owner: erp_admin
--

SELECT pg_catalog.setval('public.manufacturing_manufacturingprocess_id_seq', 1, false);


--
-- Name: manufacturing_subworkorder_id_seq; Type: SEQUENCE SET; Schema: public; Owner: erp_admin
--

SELECT pg_catalog.setval('public.manufacturing_subworkorder_id_seq', 1, false);


--
-- Name: manufacturing_subworkorderprocess_id_seq; Type: SEQUENCE SET; Schema: public; Owner: erp_admin
--

SELECT pg_catalog.setval('public.manufacturing_subworkorderprocess_id_seq', 1, false);


--
-- Name: manufacturing_workorder_id_seq; Type: SEQUENCE SET; Schema: public; Owner: erp_admin
--

SELECT pg_catalog.setval('public.manufacturing_workorder_id_seq', 1, false);


--
-- Name: manufacturing_workorderoutput_id_seq; Type: SEQUENCE SET; Schema: public; Owner: erp_admin
--

SELECT pg_catalog.setval('public.manufacturing_workorderoutput_id_seq', 1, false);


--
-- Name: purchase_purchaseorder_id_seq; Type: SEQUENCE SET; Schema: public; Owner: erp_admin
--

SELECT pg_catalog.setval('public.purchase_purchaseorder_id_seq', 1, false);


--
-- Name: purchase_purchaseorderitem_id_seq; Type: SEQUENCE SET; Schema: public; Owner: erp_admin
--

SELECT pg_catalog.setval('public.purchase_purchaseorderitem_id_seq', 1, false);


--
-- Name: purchase_supplier_id_seq; Type: SEQUENCE SET; Schema: public; Owner: erp_admin
--

SELECT pg_catalog.setval('public.purchase_supplier_id_seq', 1, false);


--
-- Name: quality_control_calibrationrecord_id_seq; Type: SEQUENCE SET; Schema: public; Owner: erp_admin
--

SELECT pg_catalog.setval('public.quality_control_calibrationrecord_id_seq', 1, false);


--
-- Name: quality_control_qualitychecklist_id_seq; Type: SEQUENCE SET; Schema: public; Owner: erp_admin
--

SELECT pg_catalog.setval('public.quality_control_qualitychecklist_id_seq', 1, false);


--
-- Name: quality_control_qualitydocument_id_seq; Type: SEQUENCE SET; Schema: public; Owner: erp_admin
--

SELECT pg_catalog.setval('public.quality_control_qualitydocument_id_seq', 1, false);


--
-- Name: quality_control_qualityformresponse_id_seq; Type: SEQUENCE SET; Schema: public; Owner: erp_admin
--

SELECT pg_catalog.setval('public.quality_control_qualityformresponse_id_seq', 1, false);


--
-- Name: sales_salesorder_id_seq; Type: SEQUENCE SET; Schema: public; Owner: erp_admin
--

SELECT pg_catalog.setval('public.sales_salesorder_id_seq', 1, false);


--
-- Name: sales_salesorderitem_id_seq; Type: SEQUENCE SET; Schema: public; Owner: erp_admin
--

SELECT pg_catalog.setval('public.sales_salesorderitem_id_seq', 1, false);


--
-- Name: auth_group auth_group_name_key; Type: CONSTRAINT; Schema: public; Owner: erp_admin
--

ALTER TABLE ONLY public.auth_group
    ADD CONSTRAINT auth_group_name_key UNIQUE (name);


--
-- Name: auth_group_permissions auth_group_permissions_group_id_permission_id_0cd325b0_uniq; Type: CONSTRAINT; Schema: public; Owner: erp_admin
--

ALTER TABLE ONLY public.auth_group_permissions
    ADD CONSTRAINT auth_group_permissions_group_id_permission_id_0cd325b0_uniq UNIQUE (group_id, permission_id);


--
-- Name: auth_group_permissions auth_group_permissions_pkey; Type: CONSTRAINT; Schema: public; Owner: erp_admin
--

ALTER TABLE ONLY public.auth_group_permissions
    ADD CONSTRAINT auth_group_permissions_pkey PRIMARY KEY (id);


--
-- Name: auth_group auth_group_pkey; Type: CONSTRAINT; Schema: public; Owner: erp_admin
--

ALTER TABLE ONLY public.auth_group
    ADD CONSTRAINT auth_group_pkey PRIMARY KEY (id);


--
-- Name: auth_permission auth_permission_content_type_id_codename_01ab375a_uniq; Type: CONSTRAINT; Schema: public; Owner: erp_admin
--

ALTER TABLE ONLY public.auth_permission
    ADD CONSTRAINT auth_permission_content_type_id_codename_01ab375a_uniq UNIQUE (content_type_id, codename);


--
-- Name: auth_permission auth_permission_pkey; Type: CONSTRAINT; Schema: public; Owner: erp_admin
--

ALTER TABLE ONLY public.auth_permission
    ADD CONSTRAINT auth_permission_pkey PRIMARY KEY (id);


--
-- Name: axes_accessattempt axes_accessattempt_pkey; Type: CONSTRAINT; Schema: public; Owner: erp_admin
--

ALTER TABLE ONLY public.axes_accessattempt
    ADD CONSTRAINT axes_accessattempt_pkey PRIMARY KEY (id);


--
-- Name: axes_accessattempt axes_accessattempt_username_ip_address_user_agent_8ea22282_uniq; Type: CONSTRAINT; Schema: public; Owner: erp_admin
--

ALTER TABLE ONLY public.axes_accessattempt
    ADD CONSTRAINT axes_accessattempt_username_ip_address_user_agent_8ea22282_uniq UNIQUE (username, ip_address, user_agent);


--
-- Name: axes_accessfailurelog axes_accessfailurelog_pkey; Type: CONSTRAINT; Schema: public; Owner: erp_admin
--

ALTER TABLE ONLY public.axes_accessfailurelog
    ADD CONSTRAINT axes_accessfailurelog_pkey PRIMARY KEY (id);


--
-- Name: axes_accesslog axes_accesslog_pkey; Type: CONSTRAINT; Schema: public; Owner: erp_admin
--

ALTER TABLE ONLY public.axes_accesslog
    ADD CONSTRAINT axes_accesslog_pkey PRIMARY KEY (id);


--
-- Name: defender_accessattempt defender_accessattempt_pkey; Type: CONSTRAINT; Schema: public; Owner: erp_admin
--

ALTER TABLE ONLY public.defender_accessattempt
    ADD CONSTRAINT defender_accessattempt_pkey PRIMARY KEY (id);


--
-- Name: django_admin_log django_admin_log_pkey; Type: CONSTRAINT; Schema: public; Owner: erp_admin
--

ALTER TABLE ONLY public.django_admin_log
    ADD CONSTRAINT django_admin_log_pkey PRIMARY KEY (id);


--
-- Name: django_content_type django_content_type_app_label_model_76bd3d3b_uniq; Type: CONSTRAINT; Schema: public; Owner: erp_admin
--

ALTER TABLE ONLY public.django_content_type
    ADD CONSTRAINT django_content_type_app_label_model_76bd3d3b_uniq UNIQUE (app_label, model);


--
-- Name: django_content_type django_content_type_pkey; Type: CONSTRAINT; Schema: public; Owner: erp_admin
--

ALTER TABLE ONLY public.django_content_type
    ADD CONSTRAINT django_content_type_pkey PRIMARY KEY (id);


--
-- Name: django_migrations django_migrations_pkey; Type: CONSTRAINT; Schema: public; Owner: erp_admin
--

ALTER TABLE ONLY public.django_migrations
    ADD CONSTRAINT django_migrations_pkey PRIMARY KEY (id);


--
-- Name: django_session django_session_pkey; Type: CONSTRAINT; Schema: public; Owner: erp_admin
--

ALTER TABLE ONLY public.django_session
    ADD CONSTRAINT django_session_pkey PRIMARY KEY (session_key);


--
-- Name: erp_core_customer erp_core_customer_code_key; Type: CONSTRAINT; Schema: public; Owner: erp_admin
--

ALTER TABLE ONLY public.erp_core_customer
    ADD CONSTRAINT erp_core_customer_code_key UNIQUE (code);


--
-- Name: erp_core_customer erp_core_customer_pkey; Type: CONSTRAINT; Schema: public; Owner: erp_admin
--

ALTER TABLE ONLY public.erp_core_customer
    ADD CONSTRAINT erp_core_customer_pkey PRIMARY KEY (id);


--
-- Name: erp_core_department erp_core_department_pkey; Type: CONSTRAINT; Schema: public; Owner: erp_admin
--

ALTER TABLE ONLY public.erp_core_department
    ADD CONSTRAINT erp_core_department_pkey PRIMARY KEY (id);


--
-- Name: erp_core_rolepermission erp_core_rolepermission_pkey; Type: CONSTRAINT; Schema: public; Owner: erp_admin
--

ALTER TABLE ONLY public.erp_core_rolepermission
    ADD CONSTRAINT erp_core_rolepermission_pkey PRIMARY KEY (id);


--
-- Name: erp_core_rolepermission erp_core_rolepermission_role_permission_id_816fd594_uniq; Type: CONSTRAINT; Schema: public; Owner: erp_admin
--

ALTER TABLE ONLY public.erp_core_rolepermission
    ADD CONSTRAINT erp_core_rolepermission_role_permission_id_816fd594_uniq UNIQUE (role, permission_id);


--
-- Name: erp_core_user_departments erp_core_user_departments_pkey; Type: CONSTRAINT; Schema: public; Owner: erp_admin
--

ALTER TABLE ONLY public.erp_core_user_departments
    ADD CONSTRAINT erp_core_user_departments_pkey PRIMARY KEY (id);


--
-- Name: erp_core_user_departments erp_core_user_departments_user_id_department_id_112be63e_uniq; Type: CONSTRAINT; Schema: public; Owner: erp_admin
--

ALTER TABLE ONLY public.erp_core_user_departments
    ADD CONSTRAINT erp_core_user_departments_user_id_department_id_112be63e_uniq UNIQUE (user_id, department_id);


--
-- Name: erp_core_user erp_core_user_email_key; Type: CONSTRAINT; Schema: public; Owner: erp_admin
--

ALTER TABLE ONLY public.erp_core_user
    ADD CONSTRAINT erp_core_user_email_key UNIQUE (email);


--
-- Name: erp_core_user_groups erp_core_user_groups_pkey; Type: CONSTRAINT; Schema: public; Owner: erp_admin
--

ALTER TABLE ONLY public.erp_core_user_groups
    ADD CONSTRAINT erp_core_user_groups_pkey PRIMARY KEY (id);


--
-- Name: erp_core_user_groups erp_core_user_groups_user_id_group_id_e261a189_uniq; Type: CONSTRAINT; Schema: public; Owner: erp_admin
--

ALTER TABLE ONLY public.erp_core_user_groups
    ADD CONSTRAINT erp_core_user_groups_user_id_group_id_e261a189_uniq UNIQUE (user_id, group_id);


--
-- Name: erp_core_user erp_core_user_pkey; Type: CONSTRAINT; Schema: public; Owner: erp_admin
--

ALTER TABLE ONLY public.erp_core_user
    ADD CONSTRAINT erp_core_user_pkey PRIMARY KEY (id);


--
-- Name: erp_core_user_user_permissions erp_core_user_user_permi_user_id_permission_id_f4a8848e_uniq; Type: CONSTRAINT; Schema: public; Owner: erp_admin
--

ALTER TABLE ONLY public.erp_core_user_user_permissions
    ADD CONSTRAINT erp_core_user_user_permi_user_id_permission_id_f4a8848e_uniq UNIQUE (user_id, permission_id);


--
-- Name: erp_core_user_user_permissions erp_core_user_user_permissions_pkey; Type: CONSTRAINT; Schema: public; Owner: erp_admin
--

ALTER TABLE ONLY public.erp_core_user_user_permissions
    ADD CONSTRAINT erp_core_user_user_permissions_pkey PRIMARY KEY (id);


--
-- Name: erp_core_user erp_core_user_username_key; Type: CONSTRAINT; Schema: public; Owner: erp_admin
--

ALTER TABLE ONLY public.erp_core_user
    ADD CONSTRAINT erp_core_user_username_key UNIQUE (username);


--
-- Name: erp_core_userprofile erp_core_userprofile_employee_id_key; Type: CONSTRAINT; Schema: public; Owner: erp_admin
--

ALTER TABLE ONLY public.erp_core_userprofile
    ADD CONSTRAINT erp_core_userprofile_employee_id_key UNIQUE (employee_id);


--
-- Name: erp_core_userprofile erp_core_userprofile_pkey; Type: CONSTRAINT; Schema: public; Owner: erp_admin
--

ALTER TABLE ONLY public.erp_core_userprofile
    ADD CONSTRAINT erp_core_userprofile_pkey PRIMARY KEY (id);


--
-- Name: erp_core_userprofile erp_core_userprofile_user_id_key; Type: CONSTRAINT; Schema: public; Owner: erp_admin
--

ALTER TABLE ONLY public.erp_core_userprofile
    ADD CONSTRAINT erp_core_userprofile_user_id_key UNIQUE (user_id);


--
-- Name: guardian_groupobjectpermission guardian_groupobjectperm_group_id_permission_id_o_3f189f7c_uniq; Type: CONSTRAINT; Schema: public; Owner: erp_admin
--

ALTER TABLE ONLY public.guardian_groupobjectpermission
    ADD CONSTRAINT guardian_groupobjectperm_group_id_permission_id_o_3f189f7c_uniq UNIQUE (group_id, permission_id, object_pk);


--
-- Name: guardian_groupobjectpermission guardian_groupobjectpermission_pkey; Type: CONSTRAINT; Schema: public; Owner: erp_admin
--

ALTER TABLE ONLY public.guardian_groupobjectpermission
    ADD CONSTRAINT guardian_groupobjectpermission_pkey PRIMARY KEY (id);


--
-- Name: guardian_userobjectpermission guardian_userobjectpermi_user_id_permission_id_ob_b0b3d2fc_uniq; Type: CONSTRAINT; Schema: public; Owner: erp_admin
--

ALTER TABLE ONLY public.guardian_userobjectpermission
    ADD CONSTRAINT guardian_userobjectpermi_user_id_permission_id_ob_b0b3d2fc_uniq UNIQUE (user_id, permission_id, object_pk);


--
-- Name: guardian_userobjectpermission guardian_userobjectpermission_pkey; Type: CONSTRAINT; Schema: public; Owner: erp_admin
--

ALTER TABLE ONLY public.guardian_userobjectpermission
    ADD CONSTRAINT guardian_userobjectpermission_pkey PRIMARY KEY (id);


--
-- Name: inventory_inventorycategory inventory_inventorycategory_name_key; Type: CONSTRAINT; Schema: public; Owner: erp_admin
--

ALTER TABLE ONLY public.inventory_inventorycategory
    ADD CONSTRAINT inventory_inventorycategory_name_key UNIQUE (name);


--
-- Name: inventory_inventorycategory inventory_inventorycategory_pkey; Type: CONSTRAINT; Schema: public; Owner: erp_admin
--

ALTER TABLE ONLY public.inventory_inventorycategory
    ADD CONSTRAINT inventory_inventorycategory_pkey PRIMARY KEY (id);


--
-- Name: inventory_inventorytransaction inventory_inventorytransaction_pkey; Type: CONSTRAINT; Schema: public; Owner: erp_admin
--

ALTER TABLE ONLY public.inventory_inventorytransaction
    ADD CONSTRAINT inventory_inventorytransaction_pkey PRIMARY KEY (id);


--
-- Name: inventory_product inventory_product_pkey; Type: CONSTRAINT; Schema: public; Owner: erp_admin
--

ALTER TABLE ONLY public.inventory_product
    ADD CONSTRAINT inventory_product_pkey PRIMARY KEY (id);


--
-- Name: inventory_product inventory_product_product_code_key; Type: CONSTRAINT; Schema: public; Owner: erp_admin
--

ALTER TABLE ONLY public.inventory_product
    ADD CONSTRAINT inventory_product_product_code_key UNIQUE (product_code);


--
-- Name: inventory_rawmaterial inventory_rawmaterial_material_code_key; Type: CONSTRAINT; Schema: public; Owner: erp_admin
--

ALTER TABLE ONLY public.inventory_rawmaterial
    ADD CONSTRAINT inventory_rawmaterial_material_code_key UNIQUE (material_code);


--
-- Name: inventory_rawmaterial inventory_rawmaterial_pkey; Type: CONSTRAINT; Schema: public; Owner: erp_admin
--

ALTER TABLE ONLY public.inventory_rawmaterial
    ADD CONSTRAINT inventory_rawmaterial_pkey PRIMARY KEY (id);


--
-- Name: inventory_technicaldrawing inventory_technicaldrawing_pkey; Type: CONSTRAINT; Schema: public; Owner: erp_admin
--

ALTER TABLE ONLY public.inventory_technicaldrawing
    ADD CONSTRAINT inventory_technicaldrawing_pkey PRIMARY KEY (id);


--
-- Name: inventory_technicaldrawing inventory_technicaldrawing_product_id_version_78b723b6_uniq; Type: CONSTRAINT; Schema: public; Owner: erp_admin
--

ALTER TABLE ONLY public.inventory_technicaldrawing
    ADD CONSTRAINT inventory_technicaldrawing_product_id_version_78b723b6_uniq UNIQUE (product_id, version);


--
-- Name: inventory_unitofmeasure inventory_unitofmeasure_pkey; Type: CONSTRAINT; Schema: public; Owner: erp_admin
--

ALTER TABLE ONLY public.inventory_unitofmeasure
    ADD CONSTRAINT inventory_unitofmeasure_pkey PRIMARY KEY (id);


--
-- Name: inventory_unitofmeasure inventory_unitofmeasure_unit_code_key; Type: CONSTRAINT; Schema: public; Owner: erp_admin
--

ALTER TABLE ONLY public.inventory_unitofmeasure
    ADD CONSTRAINT inventory_unitofmeasure_unit_code_key UNIQUE (unit_code);


--
-- Name: maintenance_faultreport maintenance_faultreport_pkey; Type: CONSTRAINT; Schema: public; Owner: erp_admin
--

ALTER TABLE ONLY public.maintenance_faultreport
    ADD CONSTRAINT maintenance_faultreport_pkey PRIMARY KEY (id);


--
-- Name: maintenance_maintenance maintenance_maintenance_pkey; Type: CONSTRAINT; Schema: public; Owner: erp_admin
--

ALTER TABLE ONLY public.maintenance_maintenance
    ADD CONSTRAINT maintenance_maintenance_pkey PRIMARY KEY (id);


--
-- Name: manufacturing_bom manufacturing_bom_product_id_version_3a6d6fa6_uniq; Type: CONSTRAINT; Schema: public; Owner: erp_admin
--

ALTER TABLE ONLY public.manufacturing_bom
    ADD CONSTRAINT manufacturing_bom_product_id_version_3a6d6fa6_uniq UNIQUE (product_id, version);


--
-- Name: manufacturing_bomcomponent manufacturing_bomcomponent_pkey; Type: CONSTRAINT; Schema: public; Owner: erp_admin
--

ALTER TABLE ONLY public.manufacturing_bomcomponent
    ADD CONSTRAINT manufacturing_bomcomponent_pkey PRIMARY KEY (id);


--
-- Name: manufacturing_bom manufacturing_bomnew_pkey; Type: CONSTRAINT; Schema: public; Owner: erp_admin
--

ALTER TABLE ONLY public.manufacturing_bom
    ADD CONSTRAINT manufacturing_bomnew_pkey PRIMARY KEY (id);


--
-- Name: manufacturing_bomprocessconfig manufacturing_bomprocessconfig_pkey; Type: CONSTRAINT; Schema: public; Owner: erp_admin
--

ALTER TABLE ONLY public.manufacturing_bomprocessconfig
    ADD CONSTRAINT manufacturing_bomprocessconfig_pkey PRIMARY KEY (id);


--
-- Name: manufacturing_machine manufacturing_machine_machine_code_key; Type: CONSTRAINT; Schema: public; Owner: erp_admin
--

ALTER TABLE ONLY public.manufacturing_machine
    ADD CONSTRAINT manufacturing_machine_machine_code_key UNIQUE (machine_code);


--
-- Name: manufacturing_machine manufacturing_machine_pkey; Type: CONSTRAINT; Schema: public; Owner: erp_admin
--

ALTER TABLE ONLY public.manufacturing_machine
    ADD CONSTRAINT manufacturing_machine_pkey PRIMARY KEY (id);


--
-- Name: manufacturing_machine manufacturing_machine_serial_number_key; Type: CONSTRAINT; Schema: public; Owner: erp_admin
--

ALTER TABLE ONLY public.manufacturing_machine
    ADD CONSTRAINT manufacturing_machine_serial_number_key UNIQUE (serial_number);


--
-- Name: manufacturing_manufacturingprocess manufacturing_manufacturingprocess_pkey; Type: CONSTRAINT; Schema: public; Owner: erp_admin
--

ALTER TABLE ONLY public.manufacturing_manufacturingprocess
    ADD CONSTRAINT manufacturing_manufacturingprocess_pkey PRIMARY KEY (id);


--
-- Name: manufacturing_manufacturingprocess manufacturing_manufacturingprocess_process_code_key; Type: CONSTRAINT; Schema: public; Owner: erp_admin
--

ALTER TABLE ONLY public.manufacturing_manufacturingprocess
    ADD CONSTRAINT manufacturing_manufacturingprocess_process_code_key UNIQUE (process_code);


--
-- Name: manufacturing_processcomponent manufacturing_processcomponent_pkey; Type: CONSTRAINT; Schema: public; Owner: erp_admin
--

ALTER TABLE ONLY public.manufacturing_processcomponent
    ADD CONSTRAINT manufacturing_processcomponent_pkey PRIMARY KEY (bomcomponent_ptr_id);


--
-- Name: manufacturing_productcomponent manufacturing_productcomponent_pkey; Type: CONSTRAINT; Schema: public; Owner: erp_admin
--

ALTER TABLE ONLY public.manufacturing_productcomponent
    ADD CONSTRAINT manufacturing_productcomponent_pkey PRIMARY KEY (bomcomponent_ptr_id);


--
-- Name: manufacturing_subworkorder manufacturing_subworkorder_pkey; Type: CONSTRAINT; Schema: public; Owner: erp_admin
--

ALTER TABLE ONLY public.manufacturing_subworkorder
    ADD CONSTRAINT manufacturing_subworkorder_pkey PRIMARY KEY (id);


--
-- Name: manufacturing_subworkorderprocess manufacturing_subworkorderprocess_pkey; Type: CONSTRAINT; Schema: public; Owner: erp_admin
--

ALTER TABLE ONLY public.manufacturing_subworkorderprocess
    ADD CONSTRAINT manufacturing_subworkorderprocess_pkey PRIMARY KEY (id);


--
-- Name: manufacturing_workorder manufacturing_workorder_order_number_key; Type: CONSTRAINT; Schema: public; Owner: erp_admin
--

ALTER TABLE ONLY public.manufacturing_workorder
    ADD CONSTRAINT manufacturing_workorder_order_number_key UNIQUE (order_number);


--
-- Name: manufacturing_workorder manufacturing_workorder_pkey; Type: CONSTRAINT; Schema: public; Owner: erp_admin
--

ALTER TABLE ONLY public.manufacturing_workorder
    ADD CONSTRAINT manufacturing_workorder_pkey PRIMARY KEY (id);


--
-- Name: manufacturing_workorderoutput manufacturing_workorderoutput_pkey; Type: CONSTRAINT; Schema: public; Owner: erp_admin
--

ALTER TABLE ONLY public.manufacturing_workorderoutput
    ADD CONSTRAINT manufacturing_workorderoutput_pkey PRIMARY KEY (id);


--
-- Name: purchase_purchaseorder purchase_purchaseorder_order_number_key; Type: CONSTRAINT; Schema: public; Owner: erp_admin
--

ALTER TABLE ONLY public.purchase_purchaseorder
    ADD CONSTRAINT purchase_purchaseorder_order_number_key UNIQUE (order_number);


--
-- Name: purchase_purchaseorder purchase_purchaseorder_pkey; Type: CONSTRAINT; Schema: public; Owner: erp_admin
--

ALTER TABLE ONLY public.purchase_purchaseorder
    ADD CONSTRAINT purchase_purchaseorder_pkey PRIMARY KEY (id);


--
-- Name: purchase_purchaseorderitem purchase_purchaseorderitem_pkey; Type: CONSTRAINT; Schema: public; Owner: erp_admin
--

ALTER TABLE ONLY public.purchase_purchaseorderitem
    ADD CONSTRAINT purchase_purchaseorderitem_pkey PRIMARY KEY (id);


--
-- Name: purchase_supplier purchase_supplier_code_key; Type: CONSTRAINT; Schema: public; Owner: erp_admin
--

ALTER TABLE ONLY public.purchase_supplier
    ADD CONSTRAINT purchase_supplier_code_key UNIQUE (code);


--
-- Name: purchase_supplier purchase_supplier_pkey; Type: CONSTRAINT; Schema: public; Owner: erp_admin
--

ALTER TABLE ONLY public.purchase_supplier
    ADD CONSTRAINT purchase_supplier_pkey PRIMARY KEY (id);


--
-- Name: quality_control_calibrationrecord quality_control_calibrationrecord_pkey; Type: CONSTRAINT; Schema: public; Owner: erp_admin
--

ALTER TABLE ONLY public.quality_control_calibrationrecord
    ADD CONSTRAINT quality_control_calibrationrecord_pkey PRIMARY KEY (id);


--
-- Name: quality_control_qualitychecklist quality_control_qualitychecklist_pkey; Type: CONSTRAINT; Schema: public; Owner: erp_admin
--

ALTER TABLE ONLY public.quality_control_qualitychecklist
    ADD CONSTRAINT quality_control_qualitychecklist_pkey PRIMARY KEY (id);


--
-- Name: quality_control_qualitydocument quality_control_qualitydocument_pkey; Type: CONSTRAINT; Schema: public; Owner: erp_admin
--

ALTER TABLE ONLY public.quality_control_qualitydocument
    ADD CONSTRAINT quality_control_qualitydocument_pkey PRIMARY KEY (id);


--
-- Name: quality_control_qualityformresponse quality_control_qualityformresponse_pkey; Type: CONSTRAINT; Schema: public; Owner: erp_admin
--

ALTER TABLE ONLY public.quality_control_qualityformresponse
    ADD CONSTRAINT quality_control_qualityformresponse_pkey PRIMARY KEY (id);


--
-- Name: sales_salesorder sales_salesorder_order_number_key; Type: CONSTRAINT; Schema: public; Owner: erp_admin
--

ALTER TABLE ONLY public.sales_salesorder
    ADD CONSTRAINT sales_salesorder_order_number_key UNIQUE (order_number);


--
-- Name: sales_salesorder sales_salesorder_pkey; Type: CONSTRAINT; Schema: public; Owner: erp_admin
--

ALTER TABLE ONLY public.sales_salesorder
    ADD CONSTRAINT sales_salesorder_pkey PRIMARY KEY (id);


--
-- Name: sales_salesorderitem sales_salesorderitem_pkey; Type: CONSTRAINT; Schema: public; Owner: erp_admin
--

ALTER TABLE ONLY public.sales_salesorderitem
    ADD CONSTRAINT sales_salesorderitem_pkey PRIMARY KEY (id);


--
-- Name: sales_shipping sales_shipping_pkey; Type: CONSTRAINT; Schema: public; Owner: erp_admin
--

ALTER TABLE ONLY public.sales_shipping
    ADD CONSTRAINT sales_shipping_pkey PRIMARY KEY (id);


--
-- Name: sales_shipping sales_shipping_shipping_no_key; Type: CONSTRAINT; Schema: public; Owner: erp_admin
--

ALTER TABLE ONLY public.sales_shipping
    ADD CONSTRAINT sales_shipping_shipping_no_key UNIQUE (shipping_no);


--
-- Name: auth_group_name_a6ea08ec_like; Type: INDEX; Schema: public; Owner: erp_admin
--

CREATE INDEX auth_group_name_a6ea08ec_like ON public.auth_group USING btree (name varchar_pattern_ops);


--
-- Name: auth_group_permissions_group_id_b120cbf9; Type: INDEX; Schema: public; Owner: erp_admin
--

CREATE INDEX auth_group_permissions_group_id_b120cbf9 ON public.auth_group_permissions USING btree (group_id);


--
-- Name: auth_group_permissions_permission_id_84c5c92e; Type: INDEX; Schema: public; Owner: erp_admin
--

CREATE INDEX auth_group_permissions_permission_id_84c5c92e ON public.auth_group_permissions USING btree (permission_id);


--
-- Name: auth_permission_content_type_id_2f476e4b; Type: INDEX; Schema: public; Owner: erp_admin
--

CREATE INDEX auth_permission_content_type_id_2f476e4b ON public.auth_permission USING btree (content_type_id);


--
-- Name: axes_accessattempt_ip_address_10922d9c; Type: INDEX; Schema: public; Owner: erp_admin
--

CREATE INDEX axes_accessattempt_ip_address_10922d9c ON public.axes_accessattempt USING btree (ip_address);


--
-- Name: axes_accessattempt_user_agent_ad89678b; Type: INDEX; Schema: public; Owner: erp_admin
--

CREATE INDEX axes_accessattempt_user_agent_ad89678b ON public.axes_accessattempt USING btree (user_agent);


--
-- Name: axes_accessattempt_user_agent_ad89678b_like; Type: INDEX; Schema: public; Owner: erp_admin
--

CREATE INDEX axes_accessattempt_user_agent_ad89678b_like ON public.axes_accessattempt USING btree (user_agent varchar_pattern_ops);


--
-- Name: axes_accessattempt_username_3f2d4ca0; Type: INDEX; Schema: public; Owner: erp_admin
--

CREATE INDEX axes_accessattempt_username_3f2d4ca0 ON public.axes_accessattempt USING btree (username);


--
-- Name: axes_accessattempt_username_3f2d4ca0_like; Type: INDEX; Schema: public; Owner: erp_admin
--

CREATE INDEX axes_accessattempt_username_3f2d4ca0_like ON public.axes_accessattempt USING btree (username varchar_pattern_ops);


--
-- Name: axes_accessfailurelog_ip_address_2e9f5a7f; Type: INDEX; Schema: public; Owner: erp_admin
--

CREATE INDEX axes_accessfailurelog_ip_address_2e9f5a7f ON public.axes_accessfailurelog USING btree (ip_address);


--
-- Name: axes_accessfailurelog_user_agent_ea145dda; Type: INDEX; Schema: public; Owner: erp_admin
--

CREATE INDEX axes_accessfailurelog_user_agent_ea145dda ON public.axes_accessfailurelog USING btree (user_agent);


--
-- Name: axes_accessfailurelog_user_agent_ea145dda_like; Type: INDEX; Schema: public; Owner: erp_admin
--

CREATE INDEX axes_accessfailurelog_user_agent_ea145dda_like ON public.axes_accessfailurelog USING btree (user_agent varchar_pattern_ops);


--
-- Name: axes_accessfailurelog_username_a8b7e8a4; Type: INDEX; Schema: public; Owner: erp_admin
--

CREATE INDEX axes_accessfailurelog_username_a8b7e8a4 ON public.axes_accessfailurelog USING btree (username);


--
-- Name: axes_accessfailurelog_username_a8b7e8a4_like; Type: INDEX; Schema: public; Owner: erp_admin
--

CREATE INDEX axes_accessfailurelog_username_a8b7e8a4_like ON public.axes_accessfailurelog USING btree (username varchar_pattern_ops);


--
-- Name: axes_accesslog_ip_address_86b417e5; Type: INDEX; Schema: public; Owner: erp_admin
--

CREATE INDEX axes_accesslog_ip_address_86b417e5 ON public.axes_accesslog USING btree (ip_address);


--
-- Name: axes_accesslog_user_agent_0e659004; Type: INDEX; Schema: public; Owner: erp_admin
--

CREATE INDEX axes_accesslog_user_agent_0e659004 ON public.axes_accesslog USING btree (user_agent);


--
-- Name: axes_accesslog_user_agent_0e659004_like; Type: INDEX; Schema: public; Owner: erp_admin
--

CREATE INDEX axes_accesslog_user_agent_0e659004_like ON public.axes_accesslog USING btree (user_agent varchar_pattern_ops);


--
-- Name: axes_accesslog_username_df93064b; Type: INDEX; Schema: public; Owner: erp_admin
--

CREATE INDEX axes_accesslog_username_df93064b ON public.axes_accesslog USING btree (username);


--
-- Name: axes_accesslog_username_df93064b_like; Type: INDEX; Schema: public; Owner: erp_admin
--

CREATE INDEX axes_accesslog_username_df93064b_like ON public.axes_accesslog USING btree (username varchar_pattern_ops);


--
-- Name: django_admin_log_content_type_id_c4bce8eb; Type: INDEX; Schema: public; Owner: erp_admin
--

CREATE INDEX django_admin_log_content_type_id_c4bce8eb ON public.django_admin_log USING btree (content_type_id);


--
-- Name: django_admin_log_user_id_c564eba6; Type: INDEX; Schema: public; Owner: erp_admin
--

CREATE INDEX django_admin_log_user_id_c564eba6 ON public.django_admin_log USING btree (user_id);


--
-- Name: django_session_expire_date_a5c62663; Type: INDEX; Schema: public; Owner: erp_admin
--

CREATE INDEX django_session_expire_date_a5c62663 ON public.django_session USING btree (expire_date);


--
-- Name: django_session_session_key_c0390e0f_like; Type: INDEX; Schema: public; Owner: erp_admin
--

CREATE INDEX django_session_session_key_c0390e0f_like ON public.django_session USING btree (session_key varchar_pattern_ops);


--
-- Name: erp_core_customer_code_819564c0_like; Type: INDEX; Schema: public; Owner: erp_admin
--

CREATE INDEX erp_core_customer_code_819564c0_like ON public.erp_core_customer USING btree (code varchar_pattern_ops);


--
-- Name: erp_core_customer_created_by_id_8c90d8e4; Type: INDEX; Schema: public; Owner: erp_admin
--

CREATE INDEX erp_core_customer_created_by_id_8c90d8e4 ON public.erp_core_customer USING btree (created_by_id);


--
-- Name: erp_core_customer_modified_by_id_d49c9969; Type: INDEX; Schema: public; Owner: erp_admin
--

CREATE INDEX erp_core_customer_modified_by_id_d49c9969 ON public.erp_core_customer USING btree (modified_by_id);


--
-- Name: erp_core_rolepermission_permission_id_39b4c6eb; Type: INDEX; Schema: public; Owner: erp_admin
--

CREATE INDEX erp_core_rolepermission_permission_id_39b4c6eb ON public.erp_core_rolepermission USING btree (permission_id);


--
-- Name: erp_core_user_departments_department_id_9d72cc9a; Type: INDEX; Schema: public; Owner: erp_admin
--

CREATE INDEX erp_core_user_departments_department_id_9d72cc9a ON public.erp_core_user_departments USING btree (department_id);


--
-- Name: erp_core_user_departments_user_id_b1d5d35d; Type: INDEX; Schema: public; Owner: erp_admin
--

CREATE INDEX erp_core_user_departments_user_id_b1d5d35d ON public.erp_core_user_departments USING btree (user_id);


--
-- Name: erp_core_user_email_58d42af0_like; Type: INDEX; Schema: public; Owner: erp_admin
--

CREATE INDEX erp_core_user_email_58d42af0_like ON public.erp_core_user USING btree (email varchar_pattern_ops);


--
-- Name: erp_core_user_groups_group_id_d68a95ac; Type: INDEX; Schema: public; Owner: erp_admin
--

CREATE INDEX erp_core_user_groups_group_id_d68a95ac ON public.erp_core_user_groups USING btree (group_id);


--
-- Name: erp_core_user_groups_user_id_17ce3b37; Type: INDEX; Schema: public; Owner: erp_admin
--

CREATE INDEX erp_core_user_groups_user_id_17ce3b37 ON public.erp_core_user_groups USING btree (user_id);


--
-- Name: erp_core_user_user_permissions_permission_id_7e44bbfe; Type: INDEX; Schema: public; Owner: erp_admin
--

CREATE INDEX erp_core_user_user_permissions_permission_id_7e44bbfe ON public.erp_core_user_user_permissions USING btree (permission_id);


--
-- Name: erp_core_user_user_permissions_user_id_3260e543; Type: INDEX; Schema: public; Owner: erp_admin
--

CREATE INDEX erp_core_user_user_permissions_user_id_3260e543 ON public.erp_core_user_user_permissions USING btree (user_id);


--
-- Name: erp_core_user_username_d81cad26_like; Type: INDEX; Schema: public; Owner: erp_admin
--

CREATE INDEX erp_core_user_username_d81cad26_like ON public.erp_core_user USING btree (username varchar_pattern_ops);


--
-- Name: erp_core_userprofile_department_id_784a1ce6; Type: INDEX; Schema: public; Owner: erp_admin
--

CREATE INDEX erp_core_userprofile_department_id_784a1ce6 ON public.erp_core_userprofile USING btree (department_id);


--
-- Name: erp_core_userprofile_employee_id_b1ac34c9_like; Type: INDEX; Schema: public; Owner: erp_admin
--

CREATE INDEX erp_core_userprofile_employee_id_b1ac34c9_like ON public.erp_core_userprofile USING btree (employee_id varchar_pattern_ops);


--
-- Name: guardian_gr_content_ae6aec_idx; Type: INDEX; Schema: public; Owner: erp_admin
--

CREATE INDEX guardian_gr_content_ae6aec_idx ON public.guardian_groupobjectpermission USING btree (content_type_id, object_pk);


--
-- Name: guardian_groupobjectpermission_content_type_id_7ade36b8; Type: INDEX; Schema: public; Owner: erp_admin
--

CREATE INDEX guardian_groupobjectpermission_content_type_id_7ade36b8 ON public.guardian_groupobjectpermission USING btree (content_type_id);


--
-- Name: guardian_groupobjectpermission_group_id_4bbbfb62; Type: INDEX; Schema: public; Owner: erp_admin
--

CREATE INDEX guardian_groupobjectpermission_group_id_4bbbfb62 ON public.guardian_groupobjectpermission USING btree (group_id);


--
-- Name: guardian_groupobjectpermission_permission_id_36572738; Type: INDEX; Schema: public; Owner: erp_admin
--

CREATE INDEX guardian_groupobjectpermission_permission_id_36572738 ON public.guardian_groupobjectpermission USING btree (permission_id);


--
-- Name: guardian_us_content_179ed2_idx; Type: INDEX; Schema: public; Owner: erp_admin
--

CREATE INDEX guardian_us_content_179ed2_idx ON public.guardian_userobjectpermission USING btree (content_type_id, object_pk);


--
-- Name: guardian_userobjectpermission_content_type_id_2e892405; Type: INDEX; Schema: public; Owner: erp_admin
--

CREATE INDEX guardian_userobjectpermission_content_type_id_2e892405 ON public.guardian_userobjectpermission USING btree (content_type_id);


--
-- Name: guardian_userobjectpermission_permission_id_71807bfc; Type: INDEX; Schema: public; Owner: erp_admin
--

CREATE INDEX guardian_userobjectpermission_permission_id_71807bfc ON public.guardian_userobjectpermission USING btree (permission_id);


--
-- Name: guardian_userobjectpermission_user_id_d5c1e964; Type: INDEX; Schema: public; Owner: erp_admin
--

CREATE INDEX guardian_userobjectpermission_user_id_d5c1e964 ON public.guardian_userobjectpermission USING btree (user_id);


--
-- Name: inventory_i_referen_0b5ad6_idx; Type: INDEX; Schema: public; Owner: erp_admin
--

CREATE INDEX inventory_i_referen_0b5ad6_idx ON public.inventory_inventorytransaction USING btree (reference_id, transaction_type);


--
-- Name: inventory_inventorycategory_name_f40c8f92_like; Type: INDEX; Schema: public; Owner: erp_admin
--

CREATE INDEX inventory_inventorycategory_name_f40c8f92_like ON public.inventory_inventorycategory USING btree (name varchar_pattern_ops);


--
-- Name: inventory_inventorytransaction_created_by_id_87d4396e; Type: INDEX; Schema: public; Owner: erp_admin
--

CREATE INDEX inventory_inventorytransaction_created_by_id_87d4396e ON public.inventory_inventorytransaction USING btree (created_by_id);


--
-- Name: inventory_inventorytransaction_from_category_id_1f61f5e2; Type: INDEX; Schema: public; Owner: erp_admin
--

CREATE INDEX inventory_inventorytransaction_from_category_id_1f61f5e2 ON public.inventory_inventorytransaction USING btree (from_category_id);


--
-- Name: inventory_inventorytransaction_material_id_67feb82c; Type: INDEX; Schema: public; Owner: erp_admin
--

CREATE INDEX inventory_inventorytransaction_material_id_67feb82c ON public.inventory_inventorytransaction USING btree (material_id);


--
-- Name: inventory_inventorytransaction_modified_by_id_8d7154cb; Type: INDEX; Schema: public; Owner: erp_admin
--

CREATE INDEX inventory_inventorytransaction_modified_by_id_8d7154cb ON public.inventory_inventorytransaction USING btree (modified_by_id);


--
-- Name: inventory_inventorytransaction_performed_by_id_53891bcb; Type: INDEX; Schema: public; Owner: erp_admin
--

CREATE INDEX inventory_inventorytransaction_performed_by_id_53891bcb ON public.inventory_inventorytransaction USING btree (performed_by_id);


--
-- Name: inventory_inventorytransaction_product_id_189b2550; Type: INDEX; Schema: public; Owner: erp_admin
--

CREATE INDEX inventory_inventorytransaction_product_id_189b2550 ON public.inventory_inventorytransaction USING btree (product_id);


--
-- Name: inventory_inventorytransaction_to_category_id_a31a14d6; Type: INDEX; Schema: public; Owner: erp_admin
--

CREATE INDEX inventory_inventorytransaction_to_category_id_a31a14d6 ON public.inventory_inventorytransaction USING btree (to_category_id);


--
-- Name: inventory_inventorytransaction_verified_by_id_c9cbaf64; Type: INDEX; Schema: public; Owner: erp_admin
--

CREATE INDEX inventory_inventorytransaction_verified_by_id_c9cbaf64 ON public.inventory_inventorytransaction USING btree (verified_by_id);


--
-- Name: inventory_product_created_by_id_acb3b5df; Type: INDEX; Schema: public; Owner: erp_admin
--

CREATE INDEX inventory_product_created_by_id_acb3b5df ON public.inventory_product USING btree (created_by_id);


--
-- Name: inventory_product_customer_id_b530e2ca; Type: INDEX; Schema: public; Owner: erp_admin
--

CREATE INDEX inventory_product_customer_id_b530e2ca ON public.inventory_product USING btree (customer_id);


--
-- Name: inventory_product_inventory_category_id_82199657; Type: INDEX; Schema: public; Owner: erp_admin
--

CREATE INDEX inventory_product_inventory_category_id_82199657 ON public.inventory_product USING btree (inventory_category_id);


--
-- Name: inventory_product_modified_by_id_108f5be8; Type: INDEX; Schema: public; Owner: erp_admin
--

CREATE INDEX inventory_product_modified_by_id_108f5be8 ON public.inventory_product USING btree (modified_by_id);


--
-- Name: inventory_product_product_code_fa5bc449_like; Type: INDEX; Schema: public; Owner: erp_admin
--

CREATE INDEX inventory_product_product_code_fa5bc449_like ON public.inventory_product USING btree (product_code varchar_pattern_ops);


--
-- Name: inventory_rawmaterial_created_by_id_9922ef09; Type: INDEX; Schema: public; Owner: erp_admin
--

CREATE INDEX inventory_rawmaterial_created_by_id_9922ef09 ON public.inventory_rawmaterial USING btree (created_by_id);


--
-- Name: inventory_rawmaterial_inventory_category_id_49f5801d; Type: INDEX; Schema: public; Owner: erp_admin
--

CREATE INDEX inventory_rawmaterial_inventory_category_id_49f5801d ON public.inventory_rawmaterial USING btree (inventory_category_id);


--
-- Name: inventory_rawmaterial_material_code_66650a46_like; Type: INDEX; Schema: public; Owner: erp_admin
--

CREATE INDEX inventory_rawmaterial_material_code_66650a46_like ON public.inventory_rawmaterial USING btree (material_code varchar_pattern_ops);


--
-- Name: inventory_rawmaterial_modified_by_id_df0b332a; Type: INDEX; Schema: public; Owner: erp_admin
--

CREATE INDEX inventory_rawmaterial_modified_by_id_df0b332a ON public.inventory_rawmaterial USING btree (modified_by_id);


--
-- Name: inventory_rawmaterial_unit_id_f880034d; Type: INDEX; Schema: public; Owner: erp_admin
--

CREATE INDEX inventory_rawmaterial_unit_id_f880034d ON public.inventory_rawmaterial USING btree (unit_id);


--
-- Name: inventory_t_product_b88477_idx; Type: INDEX; Schema: public; Owner: erp_admin
--

CREATE INDEX inventory_t_product_b88477_idx ON public.inventory_technicaldrawing USING btree (product_id, is_current);


--
-- Name: inventory_technicaldrawing_approved_by_id_0073af23; Type: INDEX; Schema: public; Owner: erp_admin
--

CREATE INDEX inventory_technicaldrawing_approved_by_id_0073af23 ON public.inventory_technicaldrawing USING btree (approved_by_id);


--
-- Name: inventory_technicaldrawing_created_by_id_951d707a; Type: INDEX; Schema: public; Owner: erp_admin
--

CREATE INDEX inventory_technicaldrawing_created_by_id_951d707a ON public.inventory_technicaldrawing USING btree (created_by_id);


--
-- Name: inventory_technicaldrawing_modified_by_id_1499c9b2; Type: INDEX; Schema: public; Owner: erp_admin
--

CREATE INDEX inventory_technicaldrawing_modified_by_id_1499c9b2 ON public.inventory_technicaldrawing USING btree (modified_by_id);


--
-- Name: inventory_technicaldrawing_product_id_0159a048; Type: INDEX; Schema: public; Owner: erp_admin
--

CREATE INDEX inventory_technicaldrawing_product_id_0159a048 ON public.inventory_technicaldrawing USING btree (product_id);


--
-- Name: inventory_unitofmeasure_unit_code_594b12d1_like; Type: INDEX; Schema: public; Owner: erp_admin
--

CREATE INDEX inventory_unitofmeasure_unit_code_594b12d1_like ON public.inventory_unitofmeasure USING btree (unit_code varchar_pattern_ops);


--
-- Name: maintenance_faultreport_created_by_id_6fb6a74d; Type: INDEX; Schema: public; Owner: erp_admin
--

CREATE INDEX maintenance_faultreport_created_by_id_6fb6a74d ON public.maintenance_faultreport USING btree (created_by_id);


--
-- Name: maintenance_faultreport_machine_id_0a6daaaa; Type: INDEX; Schema: public; Owner: erp_admin
--

CREATE INDEX maintenance_faultreport_machine_id_0a6daaaa ON public.maintenance_faultreport USING btree (machine_id);


--
-- Name: maintenance_faultreport_modified_by_id_0e1a4b4d; Type: INDEX; Schema: public; Owner: erp_admin
--

CREATE INDEX maintenance_faultreport_modified_by_id_0e1a4b4d ON public.maintenance_faultreport USING btree (modified_by_id);


--
-- Name: maintenance_faultreport_reported_by_id_a43e6080; Type: INDEX; Schema: public; Owner: erp_admin
--

CREATE INDEX maintenance_faultreport_reported_by_id_a43e6080 ON public.maintenance_faultreport USING btree (reported_by_id);


--
-- Name: maintenance_faultreport_resolved_by_id_f12185dd; Type: INDEX; Schema: public; Owner: erp_admin
--

CREATE INDEX maintenance_faultreport_resolved_by_id_f12185dd ON public.maintenance_faultreport USING btree (resolved_by_id);


--
-- Name: maintenance_maintenance_assigned_to_id_e004bcc5; Type: INDEX; Schema: public; Owner: erp_admin
--

CREATE INDEX maintenance_maintenance_assigned_to_id_e004bcc5 ON public.maintenance_maintenance USING btree (assigned_to_id);


--
-- Name: maintenance_maintenance_created_by_id_8397ac10; Type: INDEX; Schema: public; Owner: erp_admin
--

CREATE INDEX maintenance_maintenance_created_by_id_8397ac10 ON public.maintenance_maintenance USING btree (created_by_id);


--
-- Name: maintenance_maintenance_machine_id_5c1fb31f; Type: INDEX; Schema: public; Owner: erp_admin
--

CREATE INDEX maintenance_maintenance_machine_id_5c1fb31f ON public.maintenance_maintenance USING btree (machine_id);


--
-- Name: maintenance_maintenance_modified_by_id_7769b2d6; Type: INDEX; Schema: public; Owner: erp_admin
--

CREATE INDEX maintenance_maintenance_modified_by_id_7769b2d6 ON public.maintenance_maintenance USING btree (modified_by_id);


--
-- Name: manufacturi_product_60b29a_idx; Type: INDEX; Schema: public; Owner: erp_admin
--

CREATE INDEX manufacturi_product_60b29a_idx ON public.manufacturing_bom USING btree (product_id);


--
-- Name: manufacturing_bom_created_by_id_df9247ec; Type: INDEX; Schema: public; Owner: erp_admin
--

CREATE INDEX manufacturing_bom_created_by_id_df9247ec ON public.manufacturing_bom USING btree (created_by_id);


--
-- Name: manufacturing_bom_modified_by_id_079eabf5; Type: INDEX; Schema: public; Owner: erp_admin
--

CREATE INDEX manufacturing_bom_modified_by_id_079eabf5 ON public.manufacturing_bom USING btree (modified_by_id);


--
-- Name: manufacturing_bom_product_id_81bf74a6; Type: INDEX; Schema: public; Owner: erp_admin
--

CREATE INDEX manufacturing_bom_product_id_81bf74a6 ON public.manufacturing_bom USING btree (product_id);


--
-- Name: manufacturing_bom_product_id_81bf74a6_like; Type: INDEX; Schema: public; Owner: erp_admin
--

CREATE INDEX manufacturing_bom_product_id_81bf74a6_like ON public.manufacturing_bom USING btree (product_id varchar_pattern_ops);


--
-- Name: manufacturing_bomcomponent_bom_id_7c644833; Type: INDEX; Schema: public; Owner: erp_admin
--

CREATE INDEX manufacturing_bomcomponent_bom_id_7c644833 ON public.manufacturing_bomcomponent USING btree (bom_id);


--
-- Name: manufacturing_bomcomponent_created_by_id_aa479432; Type: INDEX; Schema: public; Owner: erp_admin
--

CREATE INDEX manufacturing_bomcomponent_created_by_id_aa479432 ON public.manufacturing_bomcomponent USING btree (created_by_id);


--
-- Name: manufacturing_bomcomponent_modified_by_id_de64485d; Type: INDEX; Schema: public; Owner: erp_admin
--

CREATE INDEX manufacturing_bomcomponent_modified_by_id_de64485d ON public.manufacturing_bomcomponent USING btree (modified_by_id);


--
-- Name: manufacturing_bomprocessconfig_process_id_d1b9bb52; Type: INDEX; Schema: public; Owner: erp_admin
--

CREATE INDEX manufacturing_bomprocessconfig_process_id_d1b9bb52 ON public.manufacturing_bomprocessconfig USING btree (process_id);


--
-- Name: manufacturing_machine_created_by_id_03f8f7af; Type: INDEX; Schema: public; Owner: erp_admin
--

CREATE INDEX manufacturing_machine_created_by_id_03f8f7af ON public.manufacturing_machine USING btree (created_by_id);


--
-- Name: manufacturing_machine_machine_code_1d61060f_like; Type: INDEX; Schema: public; Owner: erp_admin
--

CREATE INDEX manufacturing_machine_machine_code_1d61060f_like ON public.manufacturing_machine USING btree (machine_code varchar_pattern_ops);


--
-- Name: manufacturing_machine_modified_by_id_270acf8b; Type: INDEX; Schema: public; Owner: erp_admin
--

CREATE INDEX manufacturing_machine_modified_by_id_270acf8b ON public.manufacturing_machine USING btree (modified_by_id);


--
-- Name: manufacturing_machine_serial_number_16cf2309_like; Type: INDEX; Schema: public; Owner: erp_admin
--

CREATE INDEX manufacturing_machine_serial_number_16cf2309_like ON public.manufacturing_machine USING btree (serial_number varchar_pattern_ops);


--
-- Name: manufacturing_manufacturingprocess_approved_by_id_bf6012c1; Type: INDEX; Schema: public; Owner: erp_admin
--

CREATE INDEX manufacturing_manufacturingprocess_approved_by_id_bf6012c1 ON public.manufacturing_manufacturingprocess USING btree (approved_by_id);


--
-- Name: manufacturing_manufacturingprocess_created_by_id_87e72c08; Type: INDEX; Schema: public; Owner: erp_admin
--

CREATE INDEX manufacturing_manufacturingprocess_created_by_id_87e72c08 ON public.manufacturing_manufacturingprocess USING btree (created_by_id);


--
-- Name: manufacturing_manufacturingprocess_modified_by_id_5000ca27; Type: INDEX; Schema: public; Owner: erp_admin
--

CREATE INDEX manufacturing_manufacturingprocess_modified_by_id_5000ca27 ON public.manufacturing_manufacturingprocess USING btree (modified_by_id);


--
-- Name: manufacturing_manufacturingprocess_process_code_f131f81f_like; Type: INDEX; Schema: public; Owner: erp_admin
--

CREATE INDEX manufacturing_manufacturingprocess_process_code_f131f81f_like ON public.manufacturing_manufacturingprocess USING btree (process_code varchar_pattern_ops);


--
-- Name: manufacturing_processcomponent_process_config_id_1ac5dcc0; Type: INDEX; Schema: public; Owner: erp_admin
--

CREATE INDEX manufacturing_processcomponent_process_config_id_1ac5dcc0 ON public.manufacturing_processcomponent USING btree (process_config_id);


--
-- Name: manufacturing_processcomponent_raw_material_id_3fbe2483; Type: INDEX; Schema: public; Owner: erp_admin
--

CREATE INDEX manufacturing_processcomponent_raw_material_id_3fbe2483 ON public.manufacturing_processcomponent USING btree (raw_material_id);


--
-- Name: manufacturing_productcomponent_product_id_f23ab1dd; Type: INDEX; Schema: public; Owner: erp_admin
--

CREATE INDEX manufacturing_productcomponent_product_id_f23ab1dd ON public.manufacturing_productcomponent USING btree (product_id);


--
-- Name: manufacturing_subworkorder_bom_component_id_144b0e16; Type: INDEX; Schema: public; Owner: erp_admin
--

CREATE INDEX manufacturing_subworkorder_bom_component_id_144b0e16 ON public.manufacturing_subworkorder USING btree (bom_component_id);


--
-- Name: manufacturing_subworkorder_created_by_id_e8d503c2; Type: INDEX; Schema: public; Owner: erp_admin
--

CREATE INDEX manufacturing_subworkorder_created_by_id_e8d503c2 ON public.manufacturing_subworkorder USING btree (created_by_id);


--
-- Name: manufacturing_subworkorder_modified_by_id_eb9622a4; Type: INDEX; Schema: public; Owner: erp_admin
--

CREATE INDEX manufacturing_subworkorder_modified_by_id_eb9622a4 ON public.manufacturing_subworkorder USING btree (modified_by_id);


--
-- Name: manufacturing_subworkorder_parent_work_order_id_5ea9d020; Type: INDEX; Schema: public; Owner: erp_admin
--

CREATE INDEX manufacturing_subworkorder_parent_work_order_id_5ea9d020 ON public.manufacturing_subworkorder USING btree (parent_work_order_id);


--
-- Name: manufacturing_subworkorder_target_category_id_b500e76f; Type: INDEX; Schema: public; Owner: erp_admin
--

CREATE INDEX manufacturing_subworkorder_target_category_id_b500e76f ON public.manufacturing_subworkorder USING btree (target_category_id);


--
-- Name: manufacturing_subworkorderprocess_machine_id_465c4cb4; Type: INDEX; Schema: public; Owner: erp_admin
--

CREATE INDEX manufacturing_subworkorderprocess_machine_id_465c4cb4 ON public.manufacturing_subworkorderprocess USING btree (machine_id);


--
-- Name: manufacturing_subworkorderprocess_process_id_60c07436; Type: INDEX; Schema: public; Owner: erp_admin
--

CREATE INDEX manufacturing_subworkorderprocess_process_id_60c07436 ON public.manufacturing_subworkorderprocess USING btree (process_id);


--
-- Name: manufacturing_subworkorderprocess_sub_work_order_id_9c2fb6d7; Type: INDEX; Schema: public; Owner: erp_admin
--

CREATE INDEX manufacturing_subworkorderprocess_sub_work_order_id_9c2fb6d7 ON public.manufacturing_subworkorderprocess USING btree (sub_work_order_id);


--
-- Name: manufacturing_workorder_bom_id_8f4bf1fe; Type: INDEX; Schema: public; Owner: erp_admin
--

CREATE INDEX manufacturing_workorder_bom_id_8f4bf1fe ON public.manufacturing_workorder USING btree (bom_id);


--
-- Name: manufacturing_workorder_created_by_id_6beaff6f; Type: INDEX; Schema: public; Owner: erp_admin
--

CREATE INDEX manufacturing_workorder_created_by_id_6beaff6f ON public.manufacturing_workorder USING btree (created_by_id);


--
-- Name: manufacturing_workorder_modified_by_id_fa291679; Type: INDEX; Schema: public; Owner: erp_admin
--

CREATE INDEX manufacturing_workorder_modified_by_id_fa291679 ON public.manufacturing_workorder USING btree (modified_by_id);


--
-- Name: manufacturing_workorder_order_number_04c6f0d9_like; Type: INDEX; Schema: public; Owner: erp_admin
--

CREATE INDEX manufacturing_workorder_order_number_04c6f0d9_like ON public.manufacturing_workorder USING btree (order_number varchar_pattern_ops);


--
-- Name: manufacturing_workorder_sales_order_item_id_b2d40bd7; Type: INDEX; Schema: public; Owner: erp_admin
--

CREATE INDEX manufacturing_workorder_sales_order_item_id_b2d40bd7 ON public.manufacturing_workorder USING btree (sales_order_item_id);


--
-- Name: manufacturing_workorderoutput_created_by_id_7d809b2d; Type: INDEX; Schema: public; Owner: erp_admin
--

CREATE INDEX manufacturing_workorderoutput_created_by_id_7d809b2d ON public.manufacturing_workorderoutput USING btree (created_by_id);


--
-- Name: manufacturing_workorderoutput_modified_by_id_127813f8; Type: INDEX; Schema: public; Owner: erp_admin
--

CREATE INDEX manufacturing_workorderoutput_modified_by_id_127813f8 ON public.manufacturing_workorderoutput USING btree (modified_by_id);


--
-- Name: manufacturing_workorderoutput_sub_work_order_id_e7da67fe; Type: INDEX; Schema: public; Owner: erp_admin
--

CREATE INDEX manufacturing_workorderoutput_sub_work_order_id_e7da67fe ON public.manufacturing_workorderoutput USING btree (sub_work_order_id);


--
-- Name: manufacturing_workorderoutput_target_category_id_de7f351d; Type: INDEX; Schema: public; Owner: erp_admin
--

CREATE INDEX manufacturing_workorderoutput_target_category_id_de7f351d ON public.manufacturing_workorderoutput USING btree (target_category_id);


--
-- Name: purchase_purchaseorder_created_by_id_ffca6d75; Type: INDEX; Schema: public; Owner: erp_admin
--

CREATE INDEX purchase_purchaseorder_created_by_id_ffca6d75 ON public.purchase_purchaseorder USING btree (created_by_id);


--
-- Name: purchase_purchaseorder_modified_by_id_9bc6a216; Type: INDEX; Schema: public; Owner: erp_admin
--

CREATE INDEX purchase_purchaseorder_modified_by_id_9bc6a216 ON public.purchase_purchaseorder USING btree (modified_by_id);


--
-- Name: purchase_purchaseorder_order_number_8f62a262_like; Type: INDEX; Schema: public; Owner: erp_admin
--

CREATE INDEX purchase_purchaseorder_order_number_8f62a262_like ON public.purchase_purchaseorder USING btree (order_number varchar_pattern_ops);


--
-- Name: purchase_purchaseorder_supplier_id_2afd9c3c; Type: INDEX; Schema: public; Owner: erp_admin
--

CREATE INDEX purchase_purchaseorder_supplier_id_2afd9c3c ON public.purchase_purchaseorder USING btree (supplier_id);


--
-- Name: purchase_purchaseorderitem_created_by_id_1655eeb4; Type: INDEX; Schema: public; Owner: erp_admin
--

CREATE INDEX purchase_purchaseorderitem_created_by_id_1655eeb4 ON public.purchase_purchaseorderitem USING btree (created_by_id);


--
-- Name: purchase_purchaseorderitem_modified_by_id_4eb522ff; Type: INDEX; Schema: public; Owner: erp_admin
--

CREATE INDEX purchase_purchaseorderitem_modified_by_id_4eb522ff ON public.purchase_purchaseorderitem USING btree (modified_by_id);


--
-- Name: purchase_purchaseorderitem_product_id_21bfa99f; Type: INDEX; Schema: public; Owner: erp_admin
--

CREATE INDEX purchase_purchaseorderitem_product_id_21bfa99f ON public.purchase_purchaseorderitem USING btree (product_id);


--
-- Name: purchase_purchaseorderitem_purchase_order_id_524241d0; Type: INDEX; Schema: public; Owner: erp_admin
--

CREATE INDEX purchase_purchaseorderitem_purchase_order_id_524241d0 ON public.purchase_purchaseorderitem USING btree (purchase_order_id);


--
-- Name: purchase_supplier_code_0857a188_like; Type: INDEX; Schema: public; Owner: erp_admin
--

CREATE INDEX purchase_supplier_code_0857a188_like ON public.purchase_supplier USING btree (code varchar_pattern_ops);


--
-- Name: purchase_supplier_created_by_id_1a7d460a; Type: INDEX; Schema: public; Owner: erp_admin
--

CREATE INDEX purchase_supplier_created_by_id_1a7d460a ON public.purchase_supplier USING btree (created_by_id);


--
-- Name: purchase_supplier_modified_by_id_1936dd0c; Type: INDEX; Schema: public; Owner: erp_admin
--

CREATE INDEX purchase_supplier_modified_by_id_1936dd0c ON public.purchase_supplier USING btree (modified_by_id);


--
-- Name: quality_control_calibrationrecord_calibrated_by_id_b459f713; Type: INDEX; Schema: public; Owner: erp_admin
--

CREATE INDEX quality_control_calibrationrecord_calibrated_by_id_b459f713 ON public.quality_control_calibrationrecord USING btree (calibrated_by_id);


--
-- Name: quality_control_calibrationrecord_created_by_id_07d459c1; Type: INDEX; Schema: public; Owner: erp_admin
--

CREATE INDEX quality_control_calibrationrecord_created_by_id_07d459c1 ON public.quality_control_calibrationrecord USING btree (created_by_id);


--
-- Name: quality_control_calibrationrecord_machine_id_f6619603; Type: INDEX; Schema: public; Owner: erp_admin
--

CREATE INDEX quality_control_calibrationrecord_machine_id_f6619603 ON public.quality_control_calibrationrecord USING btree (machine_id);


--
-- Name: quality_control_calibrationrecord_modified_by_id_b1bb7ebe; Type: INDEX; Schema: public; Owner: erp_admin
--

CREATE INDEX quality_control_calibrationrecord_modified_by_id_b1bb7ebe ON public.quality_control_calibrationrecord USING btree (modified_by_id);


--
-- Name: quality_control_qualitychecklist_created_by_id_02c7f5f9; Type: INDEX; Schema: public; Owner: erp_admin
--

CREATE INDEX quality_control_qualitychecklist_created_by_id_02c7f5f9 ON public.quality_control_qualitychecklist USING btree (created_by_id);


--
-- Name: quality_control_qualitychecklist_modified_by_id_b15f1668; Type: INDEX; Schema: public; Owner: erp_admin
--

CREATE INDEX quality_control_qualitychecklist_modified_by_id_b15f1668 ON public.quality_control_qualitychecklist USING btree (modified_by_id);


--
-- Name: quality_control_qualitychecklist_process_id_5e0569d4; Type: INDEX; Schema: public; Owner: erp_admin
--

CREATE INDEX quality_control_qualitychecklist_process_id_5e0569d4 ON public.quality_control_qualitychecklist USING btree (process_id);


--
-- Name: quality_control_qualitydocument_approved_by_id_b9362d65; Type: INDEX; Schema: public; Owner: erp_admin
--

CREATE INDEX quality_control_qualitydocument_approved_by_id_b9362d65 ON public.quality_control_qualitydocument USING btree (approved_by_id);


--
-- Name: quality_control_qualitydocument_created_by_id_0059a0ce; Type: INDEX; Schema: public; Owner: erp_admin
--

CREATE INDEX quality_control_qualitydocument_created_by_id_0059a0ce ON public.quality_control_qualitydocument USING btree (created_by_id);


--
-- Name: quality_control_qualitydocument_modified_by_id_137ab184; Type: INDEX; Schema: public; Owner: erp_admin
--

CREATE INDEX quality_control_qualitydocument_modified_by_id_137ab184 ON public.quality_control_qualitydocument USING btree (modified_by_id);


--
-- Name: quality_control_qualitydocument_related_bom_id_e276071f; Type: INDEX; Schema: public; Owner: erp_admin
--

CREATE INDEX quality_control_qualitydocument_related_bom_id_e276071f ON public.quality_control_qualitydocument USING btree (related_bom_id);


--
-- Name: quality_control_qualitydocument_related_product_id_c3f75dc2; Type: INDEX; Schema: public; Owner: erp_admin
--

CREATE INDEX quality_control_qualitydocument_related_product_id_c3f75dc2 ON public.quality_control_qualitydocument USING btree (related_product_id);


--
-- Name: quality_control_qualityformresponse_checklist_id_5adfe66e; Type: INDEX; Schema: public; Owner: erp_admin
--

CREATE INDEX quality_control_qualityformresponse_checklist_id_5adfe66e ON public.quality_control_qualityformresponse USING btree (checklist_id);


--
-- Name: quality_control_qualityformresponse_created_by_id_dca7ad9e; Type: INDEX; Schema: public; Owner: erp_admin
--

CREATE INDEX quality_control_qualityformresponse_created_by_id_dca7ad9e ON public.quality_control_qualityformresponse USING btree (created_by_id);


--
-- Name: quality_control_qualityformresponse_modified_by_id_8a9e83e2; Type: INDEX; Schema: public; Owner: erp_admin
--

CREATE INDEX quality_control_qualityformresponse_modified_by_id_8a9e83e2 ON public.quality_control_qualityformresponse USING btree (modified_by_id);


--
-- Name: quality_control_qualityformresponse_responder_id_b0758eb0; Type: INDEX; Schema: public; Owner: erp_admin
--

CREATE INDEX quality_control_qualityformresponse_responder_id_b0758eb0 ON public.quality_control_qualityformresponse USING btree (responder_id);


--
-- Name: quality_control_qualityformresponse_work_order_id_7558ea08; Type: INDEX; Schema: public; Owner: erp_admin
--

CREATE INDEX quality_control_qualityformresponse_work_order_id_7558ea08 ON public.quality_control_qualityformresponse USING btree (work_order_id);


--
-- Name: sales_salesorder_approved_by_id_28f27aed; Type: INDEX; Schema: public; Owner: erp_admin
--

CREATE INDEX sales_salesorder_approved_by_id_28f27aed ON public.sales_salesorder USING btree (approved_by_id);


--
-- Name: sales_salesorder_created_by_id_0700fb7b; Type: INDEX; Schema: public; Owner: erp_admin
--

CREATE INDEX sales_salesorder_created_by_id_0700fb7b ON public.sales_salesorder USING btree (created_by_id);


--
-- Name: sales_salesorder_customer_id_e8577187; Type: INDEX; Schema: public; Owner: erp_admin
--

CREATE INDEX sales_salesorder_customer_id_e8577187 ON public.sales_salesorder USING btree (customer_id);


--
-- Name: sales_salesorder_modified_by_id_da88a25c; Type: INDEX; Schema: public; Owner: erp_admin
--

CREATE INDEX sales_salesorder_modified_by_id_da88a25c ON public.sales_salesorder USING btree (modified_by_id);


--
-- Name: sales_salesorder_order_number_6cb21724_like; Type: INDEX; Schema: public; Owner: erp_admin
--

CREATE INDEX sales_salesorder_order_number_6cb21724_like ON public.sales_salesorder USING btree (order_number varchar_pattern_ops);


--
-- Name: sales_salesorderitem_product_id_75dab6e4; Type: INDEX; Schema: public; Owner: erp_admin
--

CREATE INDEX sales_salesorderitem_product_id_75dab6e4 ON public.sales_salesorderitem USING btree (product_id);


--
-- Name: sales_salesorderitem_sales_order_id_d97897fd; Type: INDEX; Schema: public; Owner: erp_admin
--

CREATE INDEX sales_salesorderitem_sales_order_id_d97897fd ON public.sales_salesorderitem USING btree (sales_order_id);


--
-- Name: sales_shipping_created_by_id_7a8aefbb; Type: INDEX; Schema: public; Owner: erp_admin
--

CREATE INDEX sales_shipping_created_by_id_7a8aefbb ON public.sales_shipping USING btree (created_by_id);


--
-- Name: sales_shipping_modified_by_id_14c01a02; Type: INDEX; Schema: public; Owner: erp_admin
--

CREATE INDEX sales_shipping_modified_by_id_14c01a02 ON public.sales_shipping USING btree (modified_by_id);


--
-- Name: sales_shipping_order_id_6ede857c; Type: INDEX; Schema: public; Owner: erp_admin
--

CREATE INDEX sales_shipping_order_id_6ede857c ON public.sales_shipping USING btree (order_id);


--
-- Name: sales_shipping_shipping_no_b6ba29d2_like; Type: INDEX; Schema: public; Owner: erp_admin
--

CREATE INDEX sales_shipping_shipping_no_b6ba29d2_like ON public.sales_shipping USING btree (shipping_no varchar_pattern_ops);


--
-- Name: auth_group_permissions auth_group_permissio_permission_id_84c5c92e_fk_auth_perm; Type: FK CONSTRAINT; Schema: public; Owner: erp_admin
--

ALTER TABLE ONLY public.auth_group_permissions
    ADD CONSTRAINT auth_group_permissio_permission_id_84c5c92e_fk_auth_perm FOREIGN KEY (permission_id) REFERENCES public.auth_permission(id) DEFERRABLE INITIALLY DEFERRED;


--
-- Name: auth_group_permissions auth_group_permissions_group_id_b120cbf9_fk_auth_group_id; Type: FK CONSTRAINT; Schema: public; Owner: erp_admin
--

ALTER TABLE ONLY public.auth_group_permissions
    ADD CONSTRAINT auth_group_permissions_group_id_b120cbf9_fk_auth_group_id FOREIGN KEY (group_id) REFERENCES public.auth_group(id) DEFERRABLE INITIALLY DEFERRED;


--
-- Name: auth_permission auth_permission_content_type_id_2f476e4b_fk_django_co; Type: FK CONSTRAINT; Schema: public; Owner: erp_admin
--

ALTER TABLE ONLY public.auth_permission
    ADD CONSTRAINT auth_permission_content_type_id_2f476e4b_fk_django_co FOREIGN KEY (content_type_id) REFERENCES public.django_content_type(id) DEFERRABLE INITIALLY DEFERRED;


--
-- Name: django_admin_log django_admin_log_content_type_id_c4bce8eb_fk_django_co; Type: FK CONSTRAINT; Schema: public; Owner: erp_admin
--

ALTER TABLE ONLY public.django_admin_log
    ADD CONSTRAINT django_admin_log_content_type_id_c4bce8eb_fk_django_co FOREIGN KEY (content_type_id) REFERENCES public.django_content_type(id) DEFERRABLE INITIALLY DEFERRED;


--
-- Name: django_admin_log django_admin_log_user_id_c564eba6_fk_erp_core_user_id; Type: FK CONSTRAINT; Schema: public; Owner: erp_admin
--

ALTER TABLE ONLY public.django_admin_log
    ADD CONSTRAINT django_admin_log_user_id_c564eba6_fk_erp_core_user_id FOREIGN KEY (user_id) REFERENCES public.erp_core_user(id) DEFERRABLE INITIALLY DEFERRED;


--
-- Name: erp_core_customer erp_core_customer_created_by_id_8c90d8e4_fk_erp_core_user_id; Type: FK CONSTRAINT; Schema: public; Owner: erp_admin
--

ALTER TABLE ONLY public.erp_core_customer
    ADD CONSTRAINT erp_core_customer_created_by_id_8c90d8e4_fk_erp_core_user_id FOREIGN KEY (created_by_id) REFERENCES public.erp_core_user(id) DEFERRABLE INITIALLY DEFERRED;


--
-- Name: erp_core_customer erp_core_customer_modified_by_id_d49c9969_fk_erp_core_user_id; Type: FK CONSTRAINT; Schema: public; Owner: erp_admin
--

ALTER TABLE ONLY public.erp_core_customer
    ADD CONSTRAINT erp_core_customer_modified_by_id_d49c9969_fk_erp_core_user_id FOREIGN KEY (modified_by_id) REFERENCES public.erp_core_user(id) DEFERRABLE INITIALLY DEFERRED;


--
-- Name: erp_core_rolepermission erp_core_rolepermiss_permission_id_39b4c6eb_fk_auth_perm; Type: FK CONSTRAINT; Schema: public; Owner: erp_admin
--

ALTER TABLE ONLY public.erp_core_rolepermission
    ADD CONSTRAINT erp_core_rolepermiss_permission_id_39b4c6eb_fk_auth_perm FOREIGN KEY (permission_id) REFERENCES public.auth_permission(id) DEFERRABLE INITIALLY DEFERRED;


--
-- Name: erp_core_user_departments erp_core_user_depart_department_id_9d72cc9a_fk_erp_core_; Type: FK CONSTRAINT; Schema: public; Owner: erp_admin
--

ALTER TABLE ONLY public.erp_core_user_departments
    ADD CONSTRAINT erp_core_user_depart_department_id_9d72cc9a_fk_erp_core_ FOREIGN KEY (department_id) REFERENCES public.erp_core_department(id) DEFERRABLE INITIALLY DEFERRED;


--
-- Name: erp_core_user_departments erp_core_user_departments_user_id_b1d5d35d_fk_erp_core_user_id; Type: FK CONSTRAINT; Schema: public; Owner: erp_admin
--

ALTER TABLE ONLY public.erp_core_user_departments
    ADD CONSTRAINT erp_core_user_departments_user_id_b1d5d35d_fk_erp_core_user_id FOREIGN KEY (user_id) REFERENCES public.erp_core_user(id) DEFERRABLE INITIALLY DEFERRED;


--
-- Name: erp_core_user_groups erp_core_user_groups_group_id_d68a95ac_fk_auth_group_id; Type: FK CONSTRAINT; Schema: public; Owner: erp_admin
--

ALTER TABLE ONLY public.erp_core_user_groups
    ADD CONSTRAINT erp_core_user_groups_group_id_d68a95ac_fk_auth_group_id FOREIGN KEY (group_id) REFERENCES public.auth_group(id) DEFERRABLE INITIALLY DEFERRED;


--
-- Name: erp_core_user_groups erp_core_user_groups_user_id_17ce3b37_fk_erp_core_user_id; Type: FK CONSTRAINT; Schema: public; Owner: erp_admin
--

ALTER TABLE ONLY public.erp_core_user_groups
    ADD CONSTRAINT erp_core_user_groups_user_id_17ce3b37_fk_erp_core_user_id FOREIGN KEY (user_id) REFERENCES public.erp_core_user(id) DEFERRABLE INITIALLY DEFERRED;


--
-- Name: erp_core_user_user_permissions erp_core_user_user_p_permission_id_7e44bbfe_fk_auth_perm; Type: FK CONSTRAINT; Schema: public; Owner: erp_admin
--

ALTER TABLE ONLY public.erp_core_user_user_permissions
    ADD CONSTRAINT erp_core_user_user_p_permission_id_7e44bbfe_fk_auth_perm FOREIGN KEY (permission_id) REFERENCES public.auth_permission(id) DEFERRABLE INITIALLY DEFERRED;


--
-- Name: erp_core_user_user_permissions erp_core_user_user_p_user_id_3260e543_fk_erp_core_; Type: FK CONSTRAINT; Schema: public; Owner: erp_admin
--

ALTER TABLE ONLY public.erp_core_user_user_permissions
    ADD CONSTRAINT erp_core_user_user_p_user_id_3260e543_fk_erp_core_ FOREIGN KEY (user_id) REFERENCES public.erp_core_user(id) DEFERRABLE INITIALLY DEFERRED;


--
-- Name: erp_core_userprofile erp_core_userprofile_department_id_784a1ce6_fk_erp_core_; Type: FK CONSTRAINT; Schema: public; Owner: erp_admin
--

ALTER TABLE ONLY public.erp_core_userprofile
    ADD CONSTRAINT erp_core_userprofile_department_id_784a1ce6_fk_erp_core_ FOREIGN KEY (department_id) REFERENCES public.erp_core_department(id) DEFERRABLE INITIALLY DEFERRED;


--
-- Name: erp_core_userprofile erp_core_userprofile_user_id_cf5386c7_fk_erp_core_user_id; Type: FK CONSTRAINT; Schema: public; Owner: erp_admin
--

ALTER TABLE ONLY public.erp_core_userprofile
    ADD CONSTRAINT erp_core_userprofile_user_id_cf5386c7_fk_erp_core_user_id FOREIGN KEY (user_id) REFERENCES public.erp_core_user(id) DEFERRABLE INITIALLY DEFERRED;


--
-- Name: guardian_groupobjectpermission guardian_groupobject_content_type_id_7ade36b8_fk_django_co; Type: FK CONSTRAINT; Schema: public; Owner: erp_admin
--

ALTER TABLE ONLY public.guardian_groupobjectpermission
    ADD CONSTRAINT guardian_groupobject_content_type_id_7ade36b8_fk_django_co FOREIGN KEY (content_type_id) REFERENCES public.django_content_type(id) DEFERRABLE INITIALLY DEFERRED;


--
-- Name: guardian_groupobjectpermission guardian_groupobject_group_id_4bbbfb62_fk_auth_grou; Type: FK CONSTRAINT; Schema: public; Owner: erp_admin
--

ALTER TABLE ONLY public.guardian_groupobjectpermission
    ADD CONSTRAINT guardian_groupobject_group_id_4bbbfb62_fk_auth_grou FOREIGN KEY (group_id) REFERENCES public.auth_group(id) DEFERRABLE INITIALLY DEFERRED;


--
-- Name: guardian_groupobjectpermission guardian_groupobject_permission_id_36572738_fk_auth_perm; Type: FK CONSTRAINT; Schema: public; Owner: erp_admin
--

ALTER TABLE ONLY public.guardian_groupobjectpermission
    ADD CONSTRAINT guardian_groupobject_permission_id_36572738_fk_auth_perm FOREIGN KEY (permission_id) REFERENCES public.auth_permission(id) DEFERRABLE INITIALLY DEFERRED;


--
-- Name: guardian_userobjectpermission guardian_userobjectp_content_type_id_2e892405_fk_django_co; Type: FK CONSTRAINT; Schema: public; Owner: erp_admin
--

ALTER TABLE ONLY public.guardian_userobjectpermission
    ADD CONSTRAINT guardian_userobjectp_content_type_id_2e892405_fk_django_co FOREIGN KEY (content_type_id) REFERENCES public.django_content_type(id) DEFERRABLE INITIALLY DEFERRED;


--
-- Name: guardian_userobjectpermission guardian_userobjectp_permission_id_71807bfc_fk_auth_perm; Type: FK CONSTRAINT; Schema: public; Owner: erp_admin
--

ALTER TABLE ONLY public.guardian_userobjectpermission
    ADD CONSTRAINT guardian_userobjectp_permission_id_71807bfc_fk_auth_perm FOREIGN KEY (permission_id) REFERENCES public.auth_permission(id) DEFERRABLE INITIALLY DEFERRED;


--
-- Name: guardian_userobjectpermission guardian_userobjectp_user_id_d5c1e964_fk_erp_core_; Type: FK CONSTRAINT; Schema: public; Owner: erp_admin
--

ALTER TABLE ONLY public.guardian_userobjectpermission
    ADD CONSTRAINT guardian_userobjectp_user_id_d5c1e964_fk_erp_core_ FOREIGN KEY (user_id) REFERENCES public.erp_core_user(id) DEFERRABLE INITIALLY DEFERRED;


--
-- Name: inventory_inventorytransaction inventory_inventoryt_created_by_id_87d4396e_fk_erp_core_; Type: FK CONSTRAINT; Schema: public; Owner: erp_admin
--

ALTER TABLE ONLY public.inventory_inventorytransaction
    ADD CONSTRAINT inventory_inventoryt_created_by_id_87d4396e_fk_erp_core_ FOREIGN KEY (created_by_id) REFERENCES public.erp_core_user(id) DEFERRABLE INITIALLY DEFERRED;


--
-- Name: inventory_inventorytransaction inventory_inventoryt_from_category_id_1f61f5e2_fk_inventory; Type: FK CONSTRAINT; Schema: public; Owner: erp_admin
--

ALTER TABLE ONLY public.inventory_inventorytransaction
    ADD CONSTRAINT inventory_inventoryt_from_category_id_1f61f5e2_fk_inventory FOREIGN KEY (from_category_id) REFERENCES public.inventory_inventorycategory(id) DEFERRABLE INITIALLY DEFERRED;


--
-- Name: inventory_inventorytransaction inventory_inventoryt_material_id_67feb82c_fk_inventory; Type: FK CONSTRAINT; Schema: public; Owner: erp_admin
--

ALTER TABLE ONLY public.inventory_inventorytransaction
    ADD CONSTRAINT inventory_inventoryt_material_id_67feb82c_fk_inventory FOREIGN KEY (material_id) REFERENCES public.inventory_rawmaterial(id) DEFERRABLE INITIALLY DEFERRED;


--
-- Name: inventory_inventorytransaction inventory_inventoryt_modified_by_id_8d7154cb_fk_erp_core_; Type: FK CONSTRAINT; Schema: public; Owner: erp_admin
--

ALTER TABLE ONLY public.inventory_inventorytransaction
    ADD CONSTRAINT inventory_inventoryt_modified_by_id_8d7154cb_fk_erp_core_ FOREIGN KEY (modified_by_id) REFERENCES public.erp_core_user(id) DEFERRABLE INITIALLY DEFERRED;


--
-- Name: inventory_inventorytransaction inventory_inventoryt_performed_by_id_53891bcb_fk_erp_core_; Type: FK CONSTRAINT; Schema: public; Owner: erp_admin
--

ALTER TABLE ONLY public.inventory_inventorytransaction
    ADD CONSTRAINT inventory_inventoryt_performed_by_id_53891bcb_fk_erp_core_ FOREIGN KEY (performed_by_id) REFERENCES public.erp_core_user(id) DEFERRABLE INITIALLY DEFERRED;


--
-- Name: inventory_inventorytransaction inventory_inventoryt_product_id_189b2550_fk_inventory; Type: FK CONSTRAINT; Schema: public; Owner: erp_admin
--

ALTER TABLE ONLY public.inventory_inventorytransaction
    ADD CONSTRAINT inventory_inventoryt_product_id_189b2550_fk_inventory FOREIGN KEY (product_id) REFERENCES public.inventory_product(id) DEFERRABLE INITIALLY DEFERRED;


--
-- Name: inventory_inventorytransaction inventory_inventoryt_to_category_id_a31a14d6_fk_inventory; Type: FK CONSTRAINT; Schema: public; Owner: erp_admin
--

ALTER TABLE ONLY public.inventory_inventorytransaction
    ADD CONSTRAINT inventory_inventoryt_to_category_id_a31a14d6_fk_inventory FOREIGN KEY (to_category_id) REFERENCES public.inventory_inventorycategory(id) DEFERRABLE INITIALLY DEFERRED;


--
-- Name: inventory_inventorytransaction inventory_inventoryt_verified_by_id_c9cbaf64_fk_erp_core_; Type: FK CONSTRAINT; Schema: public; Owner: erp_admin
--

ALTER TABLE ONLY public.inventory_inventorytransaction
    ADD CONSTRAINT inventory_inventoryt_verified_by_id_c9cbaf64_fk_erp_core_ FOREIGN KEY (verified_by_id) REFERENCES public.erp_core_user(id) DEFERRABLE INITIALLY DEFERRED;


--
-- Name: inventory_product inventory_product_created_by_id_acb3b5df_fk_erp_core_user_id; Type: FK CONSTRAINT; Schema: public; Owner: erp_admin
--

ALTER TABLE ONLY public.inventory_product
    ADD CONSTRAINT inventory_product_created_by_id_acb3b5df_fk_erp_core_user_id FOREIGN KEY (created_by_id) REFERENCES public.erp_core_user(id) DEFERRABLE INITIALLY DEFERRED;


--
-- Name: inventory_product inventory_product_customer_id_b530e2ca_fk_erp_core_customer_id; Type: FK CONSTRAINT; Schema: public; Owner: erp_admin
--

ALTER TABLE ONLY public.inventory_product
    ADD CONSTRAINT inventory_product_customer_id_b530e2ca_fk_erp_core_customer_id FOREIGN KEY (customer_id) REFERENCES public.erp_core_customer(id) DEFERRABLE INITIALLY DEFERRED;


--
-- Name: inventory_product inventory_product_inventory_category_i_82199657_fk_inventory; Type: FK CONSTRAINT; Schema: public; Owner: erp_admin
--

ALTER TABLE ONLY public.inventory_product
    ADD CONSTRAINT inventory_product_inventory_category_i_82199657_fk_inventory FOREIGN KEY (inventory_category_id) REFERENCES public.inventory_inventorycategory(id) DEFERRABLE INITIALLY DEFERRED;


--
-- Name: inventory_product inventory_product_modified_by_id_108f5be8_fk_erp_core_user_id; Type: FK CONSTRAINT; Schema: public; Owner: erp_admin
--

ALTER TABLE ONLY public.inventory_product
    ADD CONSTRAINT inventory_product_modified_by_id_108f5be8_fk_erp_core_user_id FOREIGN KEY (modified_by_id) REFERENCES public.erp_core_user(id) DEFERRABLE INITIALLY DEFERRED;


--
-- Name: inventory_rawmaterial inventory_rawmateria_created_by_id_9922ef09_fk_erp_core_; Type: FK CONSTRAINT; Schema: public; Owner: erp_admin
--

ALTER TABLE ONLY public.inventory_rawmaterial
    ADD CONSTRAINT inventory_rawmateria_created_by_id_9922ef09_fk_erp_core_ FOREIGN KEY (created_by_id) REFERENCES public.erp_core_user(id) DEFERRABLE INITIALLY DEFERRED;


--
-- Name: inventory_rawmaterial inventory_rawmateria_inventory_category_i_49f5801d_fk_inventory; Type: FK CONSTRAINT; Schema: public; Owner: erp_admin
--

ALTER TABLE ONLY public.inventory_rawmaterial
    ADD CONSTRAINT inventory_rawmateria_inventory_category_i_49f5801d_fk_inventory FOREIGN KEY (inventory_category_id) REFERENCES public.inventory_inventorycategory(id) DEFERRABLE INITIALLY DEFERRED;


--
-- Name: inventory_rawmaterial inventory_rawmateria_modified_by_id_df0b332a_fk_erp_core_; Type: FK CONSTRAINT; Schema: public; Owner: erp_admin
--

ALTER TABLE ONLY public.inventory_rawmaterial
    ADD CONSTRAINT inventory_rawmateria_modified_by_id_df0b332a_fk_erp_core_ FOREIGN KEY (modified_by_id) REFERENCES public.erp_core_user(id) DEFERRABLE INITIALLY DEFERRED;


--
-- Name: inventory_rawmaterial inventory_rawmateria_unit_id_f880034d_fk_inventory; Type: FK CONSTRAINT; Schema: public; Owner: erp_admin
--

ALTER TABLE ONLY public.inventory_rawmaterial
    ADD CONSTRAINT inventory_rawmateria_unit_id_f880034d_fk_inventory FOREIGN KEY (unit_id) REFERENCES public.inventory_unitofmeasure(id) DEFERRABLE INITIALLY DEFERRED;


--
-- Name: inventory_technicaldrawing inventory_technicald_approved_by_id_0073af23_fk_erp_core_; Type: FK CONSTRAINT; Schema: public; Owner: erp_admin
--

ALTER TABLE ONLY public.inventory_technicaldrawing
    ADD CONSTRAINT inventory_technicald_approved_by_id_0073af23_fk_erp_core_ FOREIGN KEY (approved_by_id) REFERENCES public.erp_core_user(id) DEFERRABLE INITIALLY DEFERRED;


--
-- Name: inventory_technicaldrawing inventory_technicald_created_by_id_951d707a_fk_erp_core_; Type: FK CONSTRAINT; Schema: public; Owner: erp_admin
--

ALTER TABLE ONLY public.inventory_technicaldrawing
    ADD CONSTRAINT inventory_technicald_created_by_id_951d707a_fk_erp_core_ FOREIGN KEY (created_by_id) REFERENCES public.erp_core_user(id) DEFERRABLE INITIALLY DEFERRED;


--
-- Name: inventory_technicaldrawing inventory_technicald_modified_by_id_1499c9b2_fk_erp_core_; Type: FK CONSTRAINT; Schema: public; Owner: erp_admin
--

ALTER TABLE ONLY public.inventory_technicaldrawing
    ADD CONSTRAINT inventory_technicald_modified_by_id_1499c9b2_fk_erp_core_ FOREIGN KEY (modified_by_id) REFERENCES public.erp_core_user(id) DEFERRABLE INITIALLY DEFERRED;


--
-- Name: inventory_technicaldrawing inventory_technicald_product_id_0159a048_fk_inventory; Type: FK CONSTRAINT; Schema: public; Owner: erp_admin
--

ALTER TABLE ONLY public.inventory_technicaldrawing
    ADD CONSTRAINT inventory_technicald_product_id_0159a048_fk_inventory FOREIGN KEY (product_id) REFERENCES public.inventory_product(id) DEFERRABLE INITIALLY DEFERRED;


--
-- Name: maintenance_faultreport maintenance_faultrep_created_by_id_6fb6a74d_fk_erp_core_; Type: FK CONSTRAINT; Schema: public; Owner: erp_admin
--

ALTER TABLE ONLY public.maintenance_faultreport
    ADD CONSTRAINT maintenance_faultrep_created_by_id_6fb6a74d_fk_erp_core_ FOREIGN KEY (created_by_id) REFERENCES public.erp_core_user(id) DEFERRABLE INITIALLY DEFERRED;


--
-- Name: maintenance_faultreport maintenance_faultrep_machine_id_0a6daaaa_fk_manufactu; Type: FK CONSTRAINT; Schema: public; Owner: erp_admin
--

ALTER TABLE ONLY public.maintenance_faultreport
    ADD CONSTRAINT maintenance_faultrep_machine_id_0a6daaaa_fk_manufactu FOREIGN KEY (machine_id) REFERENCES public.manufacturing_machine(id) DEFERRABLE INITIALLY DEFERRED;


--
-- Name: maintenance_faultreport maintenance_faultrep_modified_by_id_0e1a4b4d_fk_erp_core_; Type: FK CONSTRAINT; Schema: public; Owner: erp_admin
--

ALTER TABLE ONLY public.maintenance_faultreport
    ADD CONSTRAINT maintenance_faultrep_modified_by_id_0e1a4b4d_fk_erp_core_ FOREIGN KEY (modified_by_id) REFERENCES public.erp_core_user(id) DEFERRABLE INITIALLY DEFERRED;


--
-- Name: maintenance_faultreport maintenance_faultrep_reported_by_id_a43e6080_fk_erp_core_; Type: FK CONSTRAINT; Schema: public; Owner: erp_admin
--

ALTER TABLE ONLY public.maintenance_faultreport
    ADD CONSTRAINT maintenance_faultrep_reported_by_id_a43e6080_fk_erp_core_ FOREIGN KEY (reported_by_id) REFERENCES public.erp_core_user(id) DEFERRABLE INITIALLY DEFERRED;


--
-- Name: maintenance_faultreport maintenance_faultrep_resolved_by_id_f12185dd_fk_erp_core_; Type: FK CONSTRAINT; Schema: public; Owner: erp_admin
--

ALTER TABLE ONLY public.maintenance_faultreport
    ADD CONSTRAINT maintenance_faultrep_resolved_by_id_f12185dd_fk_erp_core_ FOREIGN KEY (resolved_by_id) REFERENCES public.erp_core_user(id) DEFERRABLE INITIALLY DEFERRED;


--
-- Name: maintenance_maintenance maintenance_maintena_assigned_to_id_e004bcc5_fk_erp_core_; Type: FK CONSTRAINT; Schema: public; Owner: erp_admin
--

ALTER TABLE ONLY public.maintenance_maintenance
    ADD CONSTRAINT maintenance_maintena_assigned_to_id_e004bcc5_fk_erp_core_ FOREIGN KEY (assigned_to_id) REFERENCES public.erp_core_user(id) DEFERRABLE INITIALLY DEFERRED;


--
-- Name: maintenance_maintenance maintenance_maintena_created_by_id_8397ac10_fk_erp_core_; Type: FK CONSTRAINT; Schema: public; Owner: erp_admin
--

ALTER TABLE ONLY public.maintenance_maintenance
    ADD CONSTRAINT maintenance_maintena_created_by_id_8397ac10_fk_erp_core_ FOREIGN KEY (created_by_id) REFERENCES public.erp_core_user(id) DEFERRABLE INITIALLY DEFERRED;


--
-- Name: maintenance_maintenance maintenance_maintena_machine_id_5c1fb31f_fk_manufactu; Type: FK CONSTRAINT; Schema: public; Owner: erp_admin
--

ALTER TABLE ONLY public.maintenance_maintenance
    ADD CONSTRAINT maintenance_maintena_machine_id_5c1fb31f_fk_manufactu FOREIGN KEY (machine_id) REFERENCES public.manufacturing_machine(id) DEFERRABLE INITIALLY DEFERRED;


--
-- Name: maintenance_maintenance maintenance_maintena_modified_by_id_7769b2d6_fk_erp_core_; Type: FK CONSTRAINT; Schema: public; Owner: erp_admin
--

ALTER TABLE ONLY public.maintenance_maintenance
    ADD CONSTRAINT maintenance_maintena_modified_by_id_7769b2d6_fk_erp_core_ FOREIGN KEY (modified_by_id) REFERENCES public.erp_core_user(id) DEFERRABLE INITIALLY DEFERRED;


--
-- Name: manufacturing_bom manufacturing_bom_created_by_id_df9247ec_fk_erp_core_user_id; Type: FK CONSTRAINT; Schema: public; Owner: erp_admin
--

ALTER TABLE ONLY public.manufacturing_bom
    ADD CONSTRAINT manufacturing_bom_created_by_id_df9247ec_fk_erp_core_user_id FOREIGN KEY (created_by_id) REFERENCES public.erp_core_user(id) DEFERRABLE INITIALLY DEFERRED;


--
-- Name: manufacturing_bom manufacturing_bom_modified_by_id_079eabf5_fk_erp_core_user_id; Type: FK CONSTRAINT; Schema: public; Owner: erp_admin
--

ALTER TABLE ONLY public.manufacturing_bom
    ADD CONSTRAINT manufacturing_bom_modified_by_id_079eabf5_fk_erp_core_user_id FOREIGN KEY (modified_by_id) REFERENCES public.erp_core_user(id) DEFERRABLE INITIALLY DEFERRED;


--
-- Name: manufacturing_bom manufacturing_bom_product_id_81bf74a6_fk_inventory; Type: FK CONSTRAINT; Schema: public; Owner: erp_admin
--

ALTER TABLE ONLY public.manufacturing_bom
    ADD CONSTRAINT manufacturing_bom_product_id_81bf74a6_fk_inventory FOREIGN KEY (product_id) REFERENCES public.inventory_product(product_code) DEFERRABLE INITIALLY DEFERRED;


--
-- Name: manufacturing_bomcomponent manufacturing_bomcom_created_by_id_aa479432_fk_erp_core_; Type: FK CONSTRAINT; Schema: public; Owner: erp_admin
--

ALTER TABLE ONLY public.manufacturing_bomcomponent
    ADD CONSTRAINT manufacturing_bomcom_created_by_id_aa479432_fk_erp_core_ FOREIGN KEY (created_by_id) REFERENCES public.erp_core_user(id) DEFERRABLE INITIALLY DEFERRED;


--
-- Name: manufacturing_bomcomponent manufacturing_bomcom_modified_by_id_de64485d_fk_erp_core_; Type: FK CONSTRAINT; Schema: public; Owner: erp_admin
--

ALTER TABLE ONLY public.manufacturing_bomcomponent
    ADD CONSTRAINT manufacturing_bomcom_modified_by_id_de64485d_fk_erp_core_ FOREIGN KEY (modified_by_id) REFERENCES public.erp_core_user(id) DEFERRABLE INITIALLY DEFERRED;


--
-- Name: manufacturing_bomprocessconfig manufacturing_bompro_process_id_d1b9bb52_fk_manufactu; Type: FK CONSTRAINT; Schema: public; Owner: erp_admin
--

ALTER TABLE ONLY public.manufacturing_bomprocessconfig
    ADD CONSTRAINT manufacturing_bompro_process_id_d1b9bb52_fk_manufactu FOREIGN KEY (process_id) REFERENCES public.manufacturing_manufacturingprocess(id) DEFERRABLE INITIALLY DEFERRED;


--
-- Name: manufacturing_machine manufacturing_machin_created_by_id_03f8f7af_fk_erp_core_; Type: FK CONSTRAINT; Schema: public; Owner: erp_admin
--

ALTER TABLE ONLY public.manufacturing_machine
    ADD CONSTRAINT manufacturing_machin_created_by_id_03f8f7af_fk_erp_core_ FOREIGN KEY (created_by_id) REFERENCES public.erp_core_user(id) DEFERRABLE INITIALLY DEFERRED;


--
-- Name: manufacturing_machine manufacturing_machin_modified_by_id_270acf8b_fk_erp_core_; Type: FK CONSTRAINT; Schema: public; Owner: erp_admin
--

ALTER TABLE ONLY public.manufacturing_machine
    ADD CONSTRAINT manufacturing_machin_modified_by_id_270acf8b_fk_erp_core_ FOREIGN KEY (modified_by_id) REFERENCES public.erp_core_user(id) DEFERRABLE INITIALLY DEFERRED;


--
-- Name: manufacturing_manufacturingprocess manufacturing_manufa_approved_by_id_bf6012c1_fk_erp_core_; Type: FK CONSTRAINT; Schema: public; Owner: erp_admin
--

ALTER TABLE ONLY public.manufacturing_manufacturingprocess
    ADD CONSTRAINT manufacturing_manufa_approved_by_id_bf6012c1_fk_erp_core_ FOREIGN KEY (approved_by_id) REFERENCES public.erp_core_user(id) DEFERRABLE INITIALLY DEFERRED;


--
-- Name: manufacturing_manufacturingprocess manufacturing_manufa_created_by_id_87e72c08_fk_erp_core_; Type: FK CONSTRAINT; Schema: public; Owner: erp_admin
--

ALTER TABLE ONLY public.manufacturing_manufacturingprocess
    ADD CONSTRAINT manufacturing_manufa_created_by_id_87e72c08_fk_erp_core_ FOREIGN KEY (created_by_id) REFERENCES public.erp_core_user(id) DEFERRABLE INITIALLY DEFERRED;


--
-- Name: manufacturing_manufacturingprocess manufacturing_manufa_modified_by_id_5000ca27_fk_erp_core_; Type: FK CONSTRAINT; Schema: public; Owner: erp_admin
--

ALTER TABLE ONLY public.manufacturing_manufacturingprocess
    ADD CONSTRAINT manufacturing_manufa_modified_by_id_5000ca27_fk_erp_core_ FOREIGN KEY (modified_by_id) REFERENCES public.erp_core_user(id) DEFERRABLE INITIALLY DEFERRED;


--
-- Name: manufacturing_processcomponent manufacturing_proces_bomcomponent_ptr_id_24bec804_fk_manufactu; Type: FK CONSTRAINT; Schema: public; Owner: erp_admin
--

ALTER TABLE ONLY public.manufacturing_processcomponent
    ADD CONSTRAINT manufacturing_proces_bomcomponent_ptr_id_24bec804_fk_manufactu FOREIGN KEY (bomcomponent_ptr_id) REFERENCES public.manufacturing_bomcomponent(id) DEFERRABLE INITIALLY DEFERRED;


--
-- Name: manufacturing_processcomponent manufacturing_proces_process_config_id_1ac5dcc0_fk_manufactu; Type: FK CONSTRAINT; Schema: public; Owner: erp_admin
--

ALTER TABLE ONLY public.manufacturing_processcomponent
    ADD CONSTRAINT manufacturing_proces_process_config_id_1ac5dcc0_fk_manufactu FOREIGN KEY (process_config_id) REFERENCES public.manufacturing_bomprocessconfig(id) DEFERRABLE INITIALLY DEFERRED;


--
-- Name: manufacturing_processcomponent manufacturing_proces_raw_material_id_3fbe2483_fk_inventory; Type: FK CONSTRAINT; Schema: public; Owner: erp_admin
--

ALTER TABLE ONLY public.manufacturing_processcomponent
    ADD CONSTRAINT manufacturing_proces_raw_material_id_3fbe2483_fk_inventory FOREIGN KEY (raw_material_id) REFERENCES public.inventory_rawmaterial(id) DEFERRABLE INITIALLY DEFERRED;


--
-- Name: manufacturing_productcomponent manufacturing_produc_bomcomponent_ptr_id_457bfe8e_fk_manufactu; Type: FK CONSTRAINT; Schema: public; Owner: erp_admin
--

ALTER TABLE ONLY public.manufacturing_productcomponent
    ADD CONSTRAINT manufacturing_produc_bomcomponent_ptr_id_457bfe8e_fk_manufactu FOREIGN KEY (bomcomponent_ptr_id) REFERENCES public.manufacturing_bomcomponent(id) DEFERRABLE INITIALLY DEFERRED;


--
-- Name: manufacturing_productcomponent manufacturing_produc_product_id_f23ab1dd_fk_inventory; Type: FK CONSTRAINT; Schema: public; Owner: erp_admin
--

ALTER TABLE ONLY public.manufacturing_productcomponent
    ADD CONSTRAINT manufacturing_produc_product_id_f23ab1dd_fk_inventory FOREIGN KEY (product_id) REFERENCES public.inventory_product(id) DEFERRABLE INITIALLY DEFERRED;


--
-- Name: manufacturing_subworkorder manufacturing_subwor_bom_component_id_144b0e16_fk_manufactu; Type: FK CONSTRAINT; Schema: public; Owner: erp_admin
--

ALTER TABLE ONLY public.manufacturing_subworkorder
    ADD CONSTRAINT manufacturing_subwor_bom_component_id_144b0e16_fk_manufactu FOREIGN KEY (bom_component_id) REFERENCES public.manufacturing_bomcomponent(id) DEFERRABLE INITIALLY DEFERRED;


--
-- Name: manufacturing_subworkorder manufacturing_subwor_created_by_id_e8d503c2_fk_erp_core_; Type: FK CONSTRAINT; Schema: public; Owner: erp_admin
--

ALTER TABLE ONLY public.manufacturing_subworkorder
    ADD CONSTRAINT manufacturing_subwor_created_by_id_e8d503c2_fk_erp_core_ FOREIGN KEY (created_by_id) REFERENCES public.erp_core_user(id) DEFERRABLE INITIALLY DEFERRED;


--
-- Name: manufacturing_subworkorderprocess manufacturing_subwor_machine_id_465c4cb4_fk_manufactu; Type: FK CONSTRAINT; Schema: public; Owner: erp_admin
--

ALTER TABLE ONLY public.manufacturing_subworkorderprocess
    ADD CONSTRAINT manufacturing_subwor_machine_id_465c4cb4_fk_manufactu FOREIGN KEY (machine_id) REFERENCES public.manufacturing_machine(id) DEFERRABLE INITIALLY DEFERRED;


--
-- Name: manufacturing_subworkorder manufacturing_subwor_modified_by_id_eb9622a4_fk_erp_core_; Type: FK CONSTRAINT; Schema: public; Owner: erp_admin
--

ALTER TABLE ONLY public.manufacturing_subworkorder
    ADD CONSTRAINT manufacturing_subwor_modified_by_id_eb9622a4_fk_erp_core_ FOREIGN KEY (modified_by_id) REFERENCES public.erp_core_user(id) DEFERRABLE INITIALLY DEFERRED;


--
-- Name: manufacturing_subworkorder manufacturing_subwor_parent_work_order_id_5ea9d020_fk_manufactu; Type: FK CONSTRAINT; Schema: public; Owner: erp_admin
--

ALTER TABLE ONLY public.manufacturing_subworkorder
    ADD CONSTRAINT manufacturing_subwor_parent_work_order_id_5ea9d020_fk_manufactu FOREIGN KEY (parent_work_order_id) REFERENCES public.manufacturing_workorder(id) DEFERRABLE INITIALLY DEFERRED;


--
-- Name: manufacturing_subworkorderprocess manufacturing_subwor_process_id_60c07436_fk_manufactu; Type: FK CONSTRAINT; Schema: public; Owner: erp_admin
--

ALTER TABLE ONLY public.manufacturing_subworkorderprocess
    ADD CONSTRAINT manufacturing_subwor_process_id_60c07436_fk_manufactu FOREIGN KEY (process_id) REFERENCES public.manufacturing_manufacturingprocess(id) DEFERRABLE INITIALLY DEFERRED;


--
-- Name: manufacturing_subworkorderprocess manufacturing_subwor_sub_work_order_id_9c2fb6d7_fk_manufactu; Type: FK CONSTRAINT; Schema: public; Owner: erp_admin
--

ALTER TABLE ONLY public.manufacturing_subworkorderprocess
    ADD CONSTRAINT manufacturing_subwor_sub_work_order_id_9c2fb6d7_fk_manufactu FOREIGN KEY (sub_work_order_id) REFERENCES public.manufacturing_subworkorder(id) DEFERRABLE INITIALLY DEFERRED;


--
-- Name: manufacturing_subworkorder manufacturing_subwor_target_category_id_b500e76f_fk_inventory; Type: FK CONSTRAINT; Schema: public; Owner: erp_admin
--

ALTER TABLE ONLY public.manufacturing_subworkorder
    ADD CONSTRAINT manufacturing_subwor_target_category_id_b500e76f_fk_inventory FOREIGN KEY (target_category_id) REFERENCES public.inventory_inventorycategory(id) DEFERRABLE INITIALLY DEFERRED;


--
-- Name: manufacturing_workorder manufacturing_workor_created_by_id_6beaff6f_fk_erp_core_; Type: FK CONSTRAINT; Schema: public; Owner: erp_admin
--

ALTER TABLE ONLY public.manufacturing_workorder
    ADD CONSTRAINT manufacturing_workor_created_by_id_6beaff6f_fk_erp_core_ FOREIGN KEY (created_by_id) REFERENCES public.erp_core_user(id) DEFERRABLE INITIALLY DEFERRED;


--
-- Name: manufacturing_workorderoutput manufacturing_workor_created_by_id_7d809b2d_fk_erp_core_; Type: FK CONSTRAINT; Schema: public; Owner: erp_admin
--

ALTER TABLE ONLY public.manufacturing_workorderoutput
    ADD CONSTRAINT manufacturing_workor_created_by_id_7d809b2d_fk_erp_core_ FOREIGN KEY (created_by_id) REFERENCES public.erp_core_user(id) DEFERRABLE INITIALLY DEFERRED;


--
-- Name: manufacturing_workorderoutput manufacturing_workor_modified_by_id_127813f8_fk_erp_core_; Type: FK CONSTRAINT; Schema: public; Owner: erp_admin
--

ALTER TABLE ONLY public.manufacturing_workorderoutput
    ADD CONSTRAINT manufacturing_workor_modified_by_id_127813f8_fk_erp_core_ FOREIGN KEY (modified_by_id) REFERENCES public.erp_core_user(id) DEFERRABLE INITIALLY DEFERRED;


--
-- Name: manufacturing_workorder manufacturing_workor_modified_by_id_fa291679_fk_erp_core_; Type: FK CONSTRAINT; Schema: public; Owner: erp_admin
--

ALTER TABLE ONLY public.manufacturing_workorder
    ADD CONSTRAINT manufacturing_workor_modified_by_id_fa291679_fk_erp_core_ FOREIGN KEY (modified_by_id) REFERENCES public.erp_core_user(id) DEFERRABLE INITIALLY DEFERRED;


--
-- Name: manufacturing_workorder manufacturing_workor_sales_order_item_id_b2d40bd7_fk_sales_sal; Type: FK CONSTRAINT; Schema: public; Owner: erp_admin
--

ALTER TABLE ONLY public.manufacturing_workorder
    ADD CONSTRAINT manufacturing_workor_sales_order_item_id_b2d40bd7_fk_sales_sal FOREIGN KEY (sales_order_item_id) REFERENCES public.sales_salesorderitem(id) DEFERRABLE INITIALLY DEFERRED;


--
-- Name: manufacturing_workorderoutput manufacturing_workor_sub_work_order_id_e7da67fe_fk_manufactu; Type: FK CONSTRAINT; Schema: public; Owner: erp_admin
--

ALTER TABLE ONLY public.manufacturing_workorderoutput
    ADD CONSTRAINT manufacturing_workor_sub_work_order_id_e7da67fe_fk_manufactu FOREIGN KEY (sub_work_order_id) REFERENCES public.manufacturing_subworkorder(id) DEFERRABLE INITIALLY DEFERRED;


--
-- Name: manufacturing_workorderoutput manufacturing_workor_target_category_id_de7f351d_fk_inventory; Type: FK CONSTRAINT; Schema: public; Owner: erp_admin
--

ALTER TABLE ONLY public.manufacturing_workorderoutput
    ADD CONSTRAINT manufacturing_workor_target_category_id_de7f351d_fk_inventory FOREIGN KEY (target_category_id) REFERENCES public.inventory_inventorycategory(id) DEFERRABLE INITIALLY DEFERRED;


--
-- Name: purchase_purchaseorderitem purchase_purchaseord_created_by_id_1655eeb4_fk_erp_core_; Type: FK CONSTRAINT; Schema: public; Owner: erp_admin
--

ALTER TABLE ONLY public.purchase_purchaseorderitem
    ADD CONSTRAINT purchase_purchaseord_created_by_id_1655eeb4_fk_erp_core_ FOREIGN KEY (created_by_id) REFERENCES public.erp_core_user(id) DEFERRABLE INITIALLY DEFERRED;


--
-- Name: purchase_purchaseorder purchase_purchaseord_created_by_id_ffca6d75_fk_erp_core_; Type: FK CONSTRAINT; Schema: public; Owner: erp_admin
--

ALTER TABLE ONLY public.purchase_purchaseorder
    ADD CONSTRAINT purchase_purchaseord_created_by_id_ffca6d75_fk_erp_core_ FOREIGN KEY (created_by_id) REFERENCES public.erp_core_user(id) DEFERRABLE INITIALLY DEFERRED;


--
-- Name: purchase_purchaseorderitem purchase_purchaseord_modified_by_id_4eb522ff_fk_erp_core_; Type: FK CONSTRAINT; Schema: public; Owner: erp_admin
--

ALTER TABLE ONLY public.purchase_purchaseorderitem
    ADD CONSTRAINT purchase_purchaseord_modified_by_id_4eb522ff_fk_erp_core_ FOREIGN KEY (modified_by_id) REFERENCES public.erp_core_user(id) DEFERRABLE INITIALLY DEFERRED;


--
-- Name: purchase_purchaseorder purchase_purchaseord_modified_by_id_9bc6a216_fk_erp_core_; Type: FK CONSTRAINT; Schema: public; Owner: erp_admin
--

ALTER TABLE ONLY public.purchase_purchaseorder
    ADD CONSTRAINT purchase_purchaseord_modified_by_id_9bc6a216_fk_erp_core_ FOREIGN KEY (modified_by_id) REFERENCES public.erp_core_user(id) DEFERRABLE INITIALLY DEFERRED;


--
-- Name: purchase_purchaseorderitem purchase_purchaseord_product_id_21bfa99f_fk_inventory; Type: FK CONSTRAINT; Schema: public; Owner: erp_admin
--

ALTER TABLE ONLY public.purchase_purchaseorderitem
    ADD CONSTRAINT purchase_purchaseord_product_id_21bfa99f_fk_inventory FOREIGN KEY (product_id) REFERENCES public.inventory_product(id) DEFERRABLE INITIALLY DEFERRED;


--
-- Name: purchase_purchaseorderitem purchase_purchaseord_purchase_order_id_524241d0_fk_purchase_; Type: FK CONSTRAINT; Schema: public; Owner: erp_admin
--

ALTER TABLE ONLY public.purchase_purchaseorderitem
    ADD CONSTRAINT purchase_purchaseord_purchase_order_id_524241d0_fk_purchase_ FOREIGN KEY (purchase_order_id) REFERENCES public.purchase_purchaseorder(id) DEFERRABLE INITIALLY DEFERRED;


--
-- Name: purchase_purchaseorder purchase_purchaseord_supplier_id_2afd9c3c_fk_purchase_; Type: FK CONSTRAINT; Schema: public; Owner: erp_admin
--

ALTER TABLE ONLY public.purchase_purchaseorder
    ADD CONSTRAINT purchase_purchaseord_supplier_id_2afd9c3c_fk_purchase_ FOREIGN KEY (supplier_id) REFERENCES public.purchase_supplier(id) DEFERRABLE INITIALLY DEFERRED;


--
-- Name: purchase_supplier purchase_supplier_created_by_id_1a7d460a_fk_erp_core_user_id; Type: FK CONSTRAINT; Schema: public; Owner: erp_admin
--

ALTER TABLE ONLY public.purchase_supplier
    ADD CONSTRAINT purchase_supplier_created_by_id_1a7d460a_fk_erp_core_user_id FOREIGN KEY (created_by_id) REFERENCES public.erp_core_user(id) DEFERRABLE INITIALLY DEFERRED;


--
-- Name: purchase_supplier purchase_supplier_modified_by_id_1936dd0c_fk_erp_core_user_id; Type: FK CONSTRAINT; Schema: public; Owner: erp_admin
--

ALTER TABLE ONLY public.purchase_supplier
    ADD CONSTRAINT purchase_supplier_modified_by_id_1936dd0c_fk_erp_core_user_id FOREIGN KEY (modified_by_id) REFERENCES public.erp_core_user(id) DEFERRABLE INITIALLY DEFERRED;


--
-- Name: quality_control_calibrationrecord quality_control_cali_calibrated_by_id_b459f713_fk_erp_core_; Type: FK CONSTRAINT; Schema: public; Owner: erp_admin
--

ALTER TABLE ONLY public.quality_control_calibrationrecord
    ADD CONSTRAINT quality_control_cali_calibrated_by_id_b459f713_fk_erp_core_ FOREIGN KEY (calibrated_by_id) REFERENCES public.erp_core_user(id) DEFERRABLE INITIALLY DEFERRED;


--
-- Name: quality_control_calibrationrecord quality_control_cali_created_by_id_07d459c1_fk_erp_core_; Type: FK CONSTRAINT; Schema: public; Owner: erp_admin
--

ALTER TABLE ONLY public.quality_control_calibrationrecord
    ADD CONSTRAINT quality_control_cali_created_by_id_07d459c1_fk_erp_core_ FOREIGN KEY (created_by_id) REFERENCES public.erp_core_user(id) DEFERRABLE INITIALLY DEFERRED;


--
-- Name: quality_control_calibrationrecord quality_control_cali_machine_id_f6619603_fk_manufactu; Type: FK CONSTRAINT; Schema: public; Owner: erp_admin
--

ALTER TABLE ONLY public.quality_control_calibrationrecord
    ADD CONSTRAINT quality_control_cali_machine_id_f6619603_fk_manufactu FOREIGN KEY (machine_id) REFERENCES public.manufacturing_machine(id) DEFERRABLE INITIALLY DEFERRED;


--
-- Name: quality_control_calibrationrecord quality_control_cali_modified_by_id_b1bb7ebe_fk_erp_core_; Type: FK CONSTRAINT; Schema: public; Owner: erp_admin
--

ALTER TABLE ONLY public.quality_control_calibrationrecord
    ADD CONSTRAINT quality_control_cali_modified_by_id_b1bb7ebe_fk_erp_core_ FOREIGN KEY (modified_by_id) REFERENCES public.erp_core_user(id) DEFERRABLE INITIALLY DEFERRED;


--
-- Name: quality_control_qualitydocument quality_control_qual_approved_by_id_b9362d65_fk_erp_core_; Type: FK CONSTRAINT; Schema: public; Owner: erp_admin
--

ALTER TABLE ONLY public.quality_control_qualitydocument
    ADD CONSTRAINT quality_control_qual_approved_by_id_b9362d65_fk_erp_core_ FOREIGN KEY (approved_by_id) REFERENCES public.erp_core_user(id) DEFERRABLE INITIALLY DEFERRED;


--
-- Name: quality_control_qualityformresponse quality_control_qual_checklist_id_5adfe66e_fk_quality_c; Type: FK CONSTRAINT; Schema: public; Owner: erp_admin
--

ALTER TABLE ONLY public.quality_control_qualityformresponse
    ADD CONSTRAINT quality_control_qual_checklist_id_5adfe66e_fk_quality_c FOREIGN KEY (checklist_id) REFERENCES public.quality_control_qualitychecklist(id) DEFERRABLE INITIALLY DEFERRED;


--
-- Name: quality_control_qualitydocument quality_control_qual_created_by_id_0059a0ce_fk_erp_core_; Type: FK CONSTRAINT; Schema: public; Owner: erp_admin
--

ALTER TABLE ONLY public.quality_control_qualitydocument
    ADD CONSTRAINT quality_control_qual_created_by_id_0059a0ce_fk_erp_core_ FOREIGN KEY (created_by_id) REFERENCES public.erp_core_user(id) DEFERRABLE INITIALLY DEFERRED;


--
-- Name: quality_control_qualitychecklist quality_control_qual_created_by_id_02c7f5f9_fk_erp_core_; Type: FK CONSTRAINT; Schema: public; Owner: erp_admin
--

ALTER TABLE ONLY public.quality_control_qualitychecklist
    ADD CONSTRAINT quality_control_qual_created_by_id_02c7f5f9_fk_erp_core_ FOREIGN KEY (created_by_id) REFERENCES public.erp_core_user(id) DEFERRABLE INITIALLY DEFERRED;


--
-- Name: quality_control_qualityformresponse quality_control_qual_created_by_id_dca7ad9e_fk_erp_core_; Type: FK CONSTRAINT; Schema: public; Owner: erp_admin
--

ALTER TABLE ONLY public.quality_control_qualityformresponse
    ADD CONSTRAINT quality_control_qual_created_by_id_dca7ad9e_fk_erp_core_ FOREIGN KEY (created_by_id) REFERENCES public.erp_core_user(id) DEFERRABLE INITIALLY DEFERRED;


--
-- Name: quality_control_qualitydocument quality_control_qual_modified_by_id_137ab184_fk_erp_core_; Type: FK CONSTRAINT; Schema: public; Owner: erp_admin
--

ALTER TABLE ONLY public.quality_control_qualitydocument
    ADD CONSTRAINT quality_control_qual_modified_by_id_137ab184_fk_erp_core_ FOREIGN KEY (modified_by_id) REFERENCES public.erp_core_user(id) DEFERRABLE INITIALLY DEFERRED;


--
-- Name: quality_control_qualityformresponse quality_control_qual_modified_by_id_8a9e83e2_fk_erp_core_; Type: FK CONSTRAINT; Schema: public; Owner: erp_admin
--

ALTER TABLE ONLY public.quality_control_qualityformresponse
    ADD CONSTRAINT quality_control_qual_modified_by_id_8a9e83e2_fk_erp_core_ FOREIGN KEY (modified_by_id) REFERENCES public.erp_core_user(id) DEFERRABLE INITIALLY DEFERRED;


--
-- Name: quality_control_qualitychecklist quality_control_qual_modified_by_id_b15f1668_fk_erp_core_; Type: FK CONSTRAINT; Schema: public; Owner: erp_admin
--

ALTER TABLE ONLY public.quality_control_qualitychecklist
    ADD CONSTRAINT quality_control_qual_modified_by_id_b15f1668_fk_erp_core_ FOREIGN KEY (modified_by_id) REFERENCES public.erp_core_user(id) DEFERRABLE INITIALLY DEFERRED;


--
-- Name: quality_control_qualitychecklist quality_control_qual_process_id_5e0569d4_fk_manufactu; Type: FK CONSTRAINT; Schema: public; Owner: erp_admin
--

ALTER TABLE ONLY public.quality_control_qualitychecklist
    ADD CONSTRAINT quality_control_qual_process_id_5e0569d4_fk_manufactu FOREIGN KEY (process_id) REFERENCES public.manufacturing_manufacturingprocess(id) DEFERRABLE INITIALLY DEFERRED;


--
-- Name: quality_control_qualitydocument quality_control_qual_related_product_id_c3f75dc2_fk_inventory; Type: FK CONSTRAINT; Schema: public; Owner: erp_admin
--

ALTER TABLE ONLY public.quality_control_qualitydocument
    ADD CONSTRAINT quality_control_qual_related_product_id_c3f75dc2_fk_inventory FOREIGN KEY (related_product_id) REFERENCES public.inventory_product(id) DEFERRABLE INITIALLY DEFERRED;


--
-- Name: quality_control_qualityformresponse quality_control_qual_responder_id_b0758eb0_fk_erp_core_; Type: FK CONSTRAINT; Schema: public; Owner: erp_admin
--

ALTER TABLE ONLY public.quality_control_qualityformresponse
    ADD CONSTRAINT quality_control_qual_responder_id_b0758eb0_fk_erp_core_ FOREIGN KEY (responder_id) REFERENCES public.erp_core_user(id) DEFERRABLE INITIALLY DEFERRED;


--
-- Name: quality_control_qualityformresponse quality_control_qual_work_order_id_7558ea08_fk_manufactu; Type: FK CONSTRAINT; Schema: public; Owner: erp_admin
--

ALTER TABLE ONLY public.quality_control_qualityformresponse
    ADD CONSTRAINT quality_control_qual_work_order_id_7558ea08_fk_manufactu FOREIGN KEY (work_order_id) REFERENCES public.manufacturing_workorder(id) DEFERRABLE INITIALLY DEFERRED;


--
-- Name: sales_salesorder sales_salesorder_approved_by_id_28f27aed_fk_erp_core_user_id; Type: FK CONSTRAINT; Schema: public; Owner: erp_admin
--

ALTER TABLE ONLY public.sales_salesorder
    ADD CONSTRAINT sales_salesorder_approved_by_id_28f27aed_fk_erp_core_user_id FOREIGN KEY (approved_by_id) REFERENCES public.erp_core_user(id) DEFERRABLE INITIALLY DEFERRED;


--
-- Name: sales_salesorder sales_salesorder_created_by_id_0700fb7b_fk_erp_core_user_id; Type: FK CONSTRAINT; Schema: public; Owner: erp_admin
--

ALTER TABLE ONLY public.sales_salesorder
    ADD CONSTRAINT sales_salesorder_created_by_id_0700fb7b_fk_erp_core_user_id FOREIGN KEY (created_by_id) REFERENCES public.erp_core_user(id) DEFERRABLE INITIALLY DEFERRED;


--
-- Name: sales_salesorder sales_salesorder_customer_id_e8577187_fk_erp_core_customer_id; Type: FK CONSTRAINT; Schema: public; Owner: erp_admin
--

ALTER TABLE ONLY public.sales_salesorder
    ADD CONSTRAINT sales_salesorder_customer_id_e8577187_fk_erp_core_customer_id FOREIGN KEY (customer_id) REFERENCES public.erp_core_customer(id) DEFERRABLE INITIALLY DEFERRED;


--
-- Name: sales_salesorder sales_salesorder_modified_by_id_da88a25c_fk_erp_core_user_id; Type: FK CONSTRAINT; Schema: public; Owner: erp_admin
--

ALTER TABLE ONLY public.sales_salesorder
    ADD CONSTRAINT sales_salesorder_modified_by_id_da88a25c_fk_erp_core_user_id FOREIGN KEY (modified_by_id) REFERENCES public.erp_core_user(id) DEFERRABLE INITIALLY DEFERRED;


--
-- Name: sales_salesorderitem sales_salesorderitem_product_id_75dab6e4_fk_inventory; Type: FK CONSTRAINT; Schema: public; Owner: erp_admin
--

ALTER TABLE ONLY public.sales_salesorderitem
    ADD CONSTRAINT sales_salesorderitem_product_id_75dab6e4_fk_inventory FOREIGN KEY (product_id) REFERENCES public.inventory_product(id) DEFERRABLE INITIALLY DEFERRED;


--
-- Name: sales_salesorderitem sales_salesorderitem_sales_order_id_d97897fd_fk_sales_sal; Type: FK CONSTRAINT; Schema: public; Owner: erp_admin
--

ALTER TABLE ONLY public.sales_salesorderitem
    ADD CONSTRAINT sales_salesorderitem_sales_order_id_d97897fd_fk_sales_sal FOREIGN KEY (sales_order_id) REFERENCES public.sales_salesorder(id) DEFERRABLE INITIALLY DEFERRED;


--
-- Name: sales_shipping sales_shipping_created_by_id_7a8aefbb_fk_erp_core_user_id; Type: FK CONSTRAINT; Schema: public; Owner: erp_admin
--

ALTER TABLE ONLY public.sales_shipping
    ADD CONSTRAINT sales_shipping_created_by_id_7a8aefbb_fk_erp_core_user_id FOREIGN KEY (created_by_id) REFERENCES public.erp_core_user(id) DEFERRABLE INITIALLY DEFERRED;


--
-- Name: sales_shipping sales_shipping_modified_by_id_14c01a02_fk_erp_core_user_id; Type: FK CONSTRAINT; Schema: public; Owner: erp_admin
--

ALTER TABLE ONLY public.sales_shipping
    ADD CONSTRAINT sales_shipping_modified_by_id_14c01a02_fk_erp_core_user_id FOREIGN KEY (modified_by_id) REFERENCES public.erp_core_user(id) DEFERRABLE INITIALLY DEFERRED;


--
-- Name: sales_shipping sales_shipping_order_id_6ede857c_fk_sales_salesorder_id; Type: FK CONSTRAINT; Schema: public; Owner: erp_admin
--

ALTER TABLE ONLY public.sales_shipping
    ADD CONSTRAINT sales_shipping_order_id_6ede857c_fk_sales_salesorder_id FOREIGN KEY (order_id) REFERENCES public.sales_salesorder(id) DEFERRABLE INITIALLY DEFERRED;


--
-- PostgreSQL database dump complete
--

